clean,noisy,noise_reference,noise_category,snr_db
data/processed_real/pairs_v2_train/clean/speaker_acclivity_127389__acclivity__t_000_transient_0_9p3.wav,data/processed_real/pairs_v2_train/noisy/speaker_acclivity_127389__acclivity__t_000_transient_0_9p3.wav,data/processed_real/pairs_v2_train/noise_reference/speaker_acclivity_127389__acclivity__t_000_transient_0_9p3.wav,transient,9.348901213899083
data/processed_real/pairs_v2_train/clean/speaker_acclivity_127389__acclivity__t_000_transient_1_m6p8.wav,data/processed_real/pairs_v2_train/noisy/speaker_acclivity_127389__acclivity__t_000_transient_1_m6p8.wav,data/processed_real/pairs_v2_train/noise_reference/speaker_acclivity_127389__acclivity__t_000_transient_1_m6p8.wav,transient,-6.797159183111353
data/processed_real/pairs_v2_train/clean/speaker_acclivity_127389__acclivity__t_000_stationary_2_4p3.wav,data/processed_real/pairs_v2_train/noisy/speaker_acclivity_127389__acclivity__t_000_stationary_2_4p3.wav,data/processed_real/pairs_v2_train/noise_reference/speaker_acclivity_127389__acclivity__t_000_stationary_2_4p3.wav,stationary,4.328368296417315
data/processed_real/pairs_v2_train/clean/speaker_acclivity_127389__acclivity__t_001_stationary_0_8p1.wav,data/processed_real/pairs_v2_train/noisy/speaker_acclivity_127389__acclivity__t_001_stationary_0_8p1.wav,data/processed_real/pairs_v2_train/noise_reference/speaker_acclivity_127389__acclivity__t_001_stationary_0_8p1.wav,stationary,8.141039566078561
data/processed_real/pairs_v2_train/clean/speaker_acclivity_127389__acclivity__t_001_nonstationary_1_m8p1.wav,data/processed_real/pairs_v2_train/noisy/speaker_acclivity_127389__acclivity__t_001_nonstationary_1_m8p1.wav,data/processed_real/pairs_v2_train/noise_reference/speaker_acclivity_127389__acclivity__t_001_nonstationary_1_m8p1.wav,nonstationary,-8.132235330145063
data/processed_real/pairs_v2_train/clean/speaker_acclivity_127389__acclivity__t_001_nonstationary_2_10p8.wav,data/processed_real/pairs_v2_train/noisy/speaker_acclivity_127389__acclivity__t_001_nonstationary_2_10p8.wav,data/processed_real/pairs_v2_train/noise_reference/speaker_acclivity_127389__acclivity__t_001_nonstationary_2_10p8.wav,nonstationary,10.821713610981607
data/processed_real/pairs_v2_train/clean/speaker_acclivity_127389__acclivity__t_002_stationary_0_m0p1.wav,data/processed_real/pairs_v2_train/noisy/speaker_acclivity_127389__acclivity__t_002_stationary_0_m0p1.wav,data/processed_real/pairs_v2_train/noise_reference/speaker_acclivity_127389__acclivity__t_002_stationary_0_m0p1.wav,stationary,-0.09514320636137441
data/processed_real/pairs_v2_train/clean/speaker_acclivity_127389__acclivity__t_002_nonstationary_1_2p1.wav,data/processed_real/pairs_v2_train/noisy/speaker_acclivity_127389__acclivity__t_002_nonstationary_1_2p1.wav,data/processed_real/pairs_v2_train/noise_reference/speaker_acclivity_127389__acclivity__t_002_nonstationary_1_2p1.wav,nonstationary,2.0837622556285282
data/processed_real/pairs_v2_train/clean/speaker_acclivity_127389__acclivity__t_002_nonstationary_2_m3p1.wav,data/processed_real/pairs_v2_train/noisy/speaker_acclivity_127389__acclivity__t_002_nonstationary_2_m3p1.wav,data/processed_real/pairs_v2_train/noise_reference/speaker_acclivity_127389__acclivity__t_002_nonstationary_2_m3p1.wav,nonstationary,-3.099675328293344
data/processed_real/pairs_v2_train/clean/speaker_acclivity_127389__acclivity__t_003_transient_0_6p9.wav,data/processed_real/pairs_v2_train/noisy/speaker_acclivity_127389__acclivity__t_003_transient_0_6p9.wav,data/processed_real/pairs_v2_train/noise_reference/speaker_acclivity_127389__acclivity__t_003_transient_0_6p9.wav,transient,6.9188805918834255
data/processed_real/pairs_v2_train/clean/speaker_acclivity_127389__acclivity__t_003_nonstationary_1_7p8.wav,data/processed_real/pairs_v2_train/noisy/speaker_acclivity_127389__acclivity__t_003_nonstationary_1_7p8.wav,data/processed_real/pairs_v2_train/noise_reference/speaker_acclivity_127389__acclivity__t_003_nonstationary_1_7p8.wav,nonstationary,7.772048333451753
data/processed_real/pairs_v2_train/clean/speaker_acclivity_127389__acclivity__t_003_transient_2_8p4.wav,data/processed_real/pairs_v2_train/noisy/speaker_acclivity_127389__acclivity__t_003_transient_2_8p4.wav,data/processed_real/pairs_v2_train/noise_reference/speaker_acclivity_127389__acclivity__t_003_transient_2_8p4.wav,transient,8.359105563222194
data/processed_real/pairs_v2_train/clean/speaker_acclivity_127389__acclivity__t_004_stationary_0_3p3.wav,data/processed_real/pairs_v2_train/noisy/speaker_acclivity_127389__acclivity__t_004_stationary_0_3p3.wav,data/processed_real/pairs_v2_train/noise_reference/speaker_acclivity_127389__acclivity__t_004_stationary_0_3p3.wav,stationary,3.3113921255619463
data/processed_real/pairs_v2_train/clean/speaker_acclivity_127389__acclivity__t_004_stationary_1_2p9.wav,data/processed_real/pairs_v2_train/noisy/speaker_acclivity_127389__acclivity__t_004_stationary_1_2p9.wav,data/processed_real/pairs_v2_train/noise_reference/speaker_acclivity_127389__acclivity__t_004_stationary_1_2p9.wav,stationary,2.9016309065364716
data/processed_real/pairs_v2_train/clean/speaker_acclivity_127389__acclivity__t_004_nonstationary_2_4p7.wav,data/processed_real/pairs_v2_train/noisy/speaker_acclivity_127389__acclivity__t_004_nonstationary_2_4p7.wav,data/processed_real/pairs_v2_train/noise_reference/speaker_acclivity_127389__acclivity__t_004_nonstationary_2_4p7.wav,nonstationary,4.688030866246962
data/processed_real/pairs_v2_train/clean/speaker_acclivity_127389__acclivity__t_005_stationary_0_m1p5.wav,data/processed_real/pairs_v2_train/noisy/speaker_acclivity_127389__acclivity__t_005_stationary_0_m1p5.wav,data/processed_real/pairs_v2_train/noise_reference/speaker_acclivity_127389__acclivity__t_005_stationary_0_m1p5.wav,stationary,-1.5265606788034667
data/processed_real/pairs_v2_train/clean/speaker_acclivity_127389__acclivity__t_005_stationary_1_11p6.wav,data/processed_real/pairs_v2_train/noisy/speaker_acclivity_127389__acclivity__t_005_stationary_1_11p6.wav,data/processed_real/pairs_v2_train/noise_reference/speaker_acclivity_127389__acclivity__t_005_stationary_1_11p6.wav,stationary,11.578510270888046
data/processed_real/pairs_v2_train/clean/speaker_acclivity_127389__acclivity__t_005_stationary_2_6p7.wav,data/processed_real/pairs_v2_train/noisy/speaker_acclivity_127389__acclivity__t_005_stationary_2_6p7.wav,data/processed_real/pairs_v2_train/noise_reference/speaker_acclivity_127389__acclivity__t_005_stationary_2_6p7.wav,stationary,6.713550094723093
data/processed_real/pairs_v2_train/clean/speaker_acclivity_127389__acclivity__t_006_nonstationary_0_6p1.wav,data/processed_real/pairs_v2_train/noisy/speaker_acclivity_127389__acclivity__t_006_nonstationary_0_6p1.wav,data/processed_real/pairs_v2_train/noise_reference/speaker_acclivity_127389__acclivity__t_006_nonstationary_0_6p1.wav,nonstationary,6.089670247270856
data/processed_real/pairs_v2_train/clean/speaker_acclivity_127389__acclivity__t_006_transient_1_10p0.wav,data/processed_real/pairs_v2_train/noisy/speaker_acclivity_127389__acclivity__t_006_transient_1_10p0.wav,data/processed_real/pairs_v2_train/noise_reference/speaker_acclivity_127389__acclivity__t_006_transient_1_10p0.wav,transient,9.963295322018968
data/processed_real/pairs_v2_train/clean/speaker_acclivity_127389__acclivity__t_006_nonstationary_2_0p9.wav,data/processed_real/pairs_v2_train/noisy/speaker_acclivity_127389__acclivity__t_006_nonstationary_2_0p9.wav,data/processed_real/pairs_v2_train/noise_reference/speaker_acclivity_127389__acclivity__t_006_nonstationary_2_0p9.wav,nonstationary,0.9192152619645295
data/processed_real/pairs_v2_train/clean/speaker_acclivity_127389__acclivity__t_007_nonstationary_0_5p9.wav,data/processed_real/pairs_v2_train/noisy/speaker_acclivity_127389__acclivity__t_007_nonstationary_0_5p9.wav,data/processed_real/pairs_v2_train/noise_reference/speaker_acclivity_127389__acclivity__t_007_nonstationary_0_5p9.wav,nonstationary,5.851036542989533
data/processed_real/pairs_v2_train/clean/speaker_acclivity_127389__acclivity__t_007_nonstationary_1_m0p1.wav,data/processed_real/pairs_v2_train/noisy/speaker_acclivity_127389__acclivity__t_007_nonstationary_1_m0p1.wav,data/processed_real/pairs_v2_train/noise_reference/speaker_acclivity_127389__acclivity__t_007_nonstationary_1_m0p1.wav,nonstationary,-0.09448407620891963
data/processed_real/pairs_v2_train/clean/speaker_acclivity_127389__acclivity__t_007_transient_2_m4p2.wav,data/processed_real/pairs_v2_train/noisy/speaker_acclivity_127389__acclivity__t_007_transient_2_m4p2.wav,data/processed_real/pairs_v2_train/noise_reference/speaker_acclivity_127389__acclivity__t_007_transient_2_m4p2.wav,transient,-4.163978822533564
data/processed_real/pairs_v2_train/clean/speaker_acclivity_127389__acclivity__t_008_transient_0_m5p6.wav,data/processed_real/pairs_v2_train/noisy/speaker_acclivity_127389__acclivity__t_008_transient_0_m5p6.wav,data/processed_real/pairs_v2_train/noise_reference/speaker_acclivity_127389__acclivity__t_008_transient_0_m5p6.wav,transient,-5.615831807816981
data/processed_real/pairs_v2_train/clean/speaker_acclivity_127389__acclivity__t_008_stationary_1_13p1.wav,data/processed_real/pairs_v2_train/noisy/speaker_acclivity_127389__acclivity__t_008_stationary_1_13p1.wav,data/processed_real/pairs_v2_train/noise_reference/speaker_acclivity_127389__acclivity__t_008_stationary_1_13p1.wav,stationary,13.110225600316454
data/processed_real/pairs_v2_train/clean/speaker_acclivity_127389__acclivity__t_008_stationary_2_11p6.wav,data/processed_real/pairs_v2_train/noisy/speaker_acclivity_127389__acclivity__t_008_stationary_2_11p6.wav,data/processed_real/pairs_v2_train/noise_reference/speaker_acclivity_127389__acclivity__t_008_stationary_2_11p6.wav,stationary,11.620714297201925
data/processed_real/pairs_v2_train/clean/speaker_acclivity_156550__acclivity__a_000_stationary_0_10p6.wav,data/processed_real/pairs_v2_train/noisy/speaker_acclivity_156550__acclivity__a_000_stationary_0_10p6.wav,data/processed_real/pairs_v2_train/noise_reference/speaker_acclivity_156550__acclivity__a_000_stationary_0_10p6.wav,stationary,10.624647627128581
data/processed_real/pairs_v2_train/clean/speaker_acclivity_156550__acclivity__a_000_stationary_1_m7p7.wav,data/processed_real/pairs_v2_train/noisy/speaker_acclivity_156550__acclivity__a_000_stationary_1_m7p7.wav,data/processed_real/pairs_v2_train/noise_reference/speaker_acclivity_156550__acclivity__a_000_stationary_1_m7p7.wav,stationary,-7.6611217392291096
data/processed_real/pairs_v2_train/clean/speaker_acclivity_156550__acclivity__a_000_nonstationary_2_9p3.wav,data/processed_real/pairs_v2_train/noisy/speaker_acclivity_156550__acclivity__a_000_nonstationary_2_9p3.wav,data/processed_real/pairs_v2_train/noise_reference/speaker_acclivity_156550__acclivity__a_000_nonstationary_2_9p3.wav,nonstationary,9.303991431477066
data/processed_real/pairs_v2_train/clean/speaker_acclivity_156550__acclivity__a_001_nonstationary_0_1p4.wav,data/processed_real/pairs_v2_train/noisy/speaker_acclivity_156550__acclivity__a_001_nonstationary_0_1p4.wav,data/processed_real/pairs_v2_train/noise_reference/speaker_acclivity_156550__acclivity__a_001_nonstationary_0_1p4.wav,nonstationary,1.3583835826596946
data/processed_real/pairs_v2_train/clean/speaker_acclivity_156550__acclivity__a_001_nonstationary_1_6p6.wav,data/processed_real/pairs_v2_train/noisy/speaker_acclivity_156550__acclivity__a_001_nonstationary_1_6p6.wav,data/processed_real/pairs_v2_train/noise_reference/speaker_acclivity_156550__acclivity__a_001_nonstationary_1_6p6.wav,nonstationary,6.605304155353252
data/processed_real/pairs_v2_train/clean/speaker_acclivity_156550__acclivity__a_001_nonstationary_2_11p4.wav,data/processed_real/pairs_v2_train/noisy/speaker_acclivity_156550__acclivity__a_001_nonstationary_2_11p4.wav,data/processed_real/pairs_v2_train/noise_reference/speaker_acclivity_156550__acclivity__a_001_nonstationary_2_11p4.wav,nonstationary,11.409820930103933
data/processed_real/pairs_v2_train/clean/speaker_acclivity_156550__acclivity__a_002_transient_0_m4p2.wav,data/processed_real/pairs_v2_train/noisy/speaker_acclivity_156550__acclivity__a_002_transient_0_m4p2.wav,data/processed_real/pairs_v2_train/noise_reference/speaker_acclivity_156550__acclivity__a_002_transient_0_m4p2.wav,transient,-4.233655124744392
data/processed_real/pairs_v2_train/clean/speaker_acclivity_156550__acclivity__a_002_transient_1_m6p1.wav,data/processed_real/pairs_v2_train/noisy/speaker_acclivity_156550__acclivity__a_002_transient_1_m6p1.wav,data/processed_real/pairs_v2_train/noise_reference/speaker_acclivity_156550__acclivity__a_002_transient_1_m6p1.wav,transient,-6.071004542270897
data/processed_real/pairs_v2_train/clean/speaker_acclivity_156550__acclivity__a_002_transient_2_10p8.wav,data/processed_real/pairs_v2_train/noisy/speaker_acclivity_156550__acclivity__a_002_transient_2_10p8.wav,data/processed_real/pairs_v2_train/noise_reference/speaker_acclivity_156550__acclivity__a_002_transient_2_10p8.wav,transient,10.799366722172621
data/processed_real/pairs_v2_train/clean/speaker_acclivity_156550__acclivity__a_003_nonstationary_0_5p4.wav,data/processed_real/pairs_v2_train/noisy/speaker_acclivity_156550__acclivity__a_003_nonstationary_0_5p4.wav,data/processed_real/pairs_v2_train/noise_reference/speaker_acclivity_156550__acclivity__a_003_nonstationary_0_5p4.wav,nonstationary,5.398102482585664
data/processed_real/pairs_v2_train/clean/speaker_acclivity_156550__acclivity__a_003_transient_1_3p5.wav,data/processed_real/pairs_v2_train/noisy/speaker_acclivity_156550__acclivity__a_003_transient_1_3p5.wav,data/processed_real/pairs_v2_train/noise_reference/speaker_acclivity_156550__acclivity__a_003_transient_1_3p5.wav,transient,3.4846174459538943
data/processed_real/pairs_v2_train/clean/speaker_acclivity_156550__acclivity__a_003_stationary_2_8p4.wav,data/processed_real/pairs_v2_train/noisy/speaker_acclivity_156550__acclivity__a_003_stationary_2_8p4.wav,data/processed_real/pairs_v2_train/noise_reference/speaker_acclivity_156550__acclivity__a_003_stationary_2_8p4.wav,stationary,8.423528341827183
data/processed_real/pairs_v2_train/clean/speaker_acclivity_156550__acclivity__a_004_transient_0_11p2.wav,data/processed_real/pairs_v2_train/noisy/speaker_acclivity_156550__acclivity__a_004_transient_0_11p2.wav,data/processed_real/pairs_v2_train/noise_reference/speaker_acclivity_156550__acclivity__a_004_transient_0_11p2.wav,transient,11.1511985615791
data/processed_real/pairs_v2_train/clean/speaker_acclivity_156550__acclivity__a_004_stationary_1_4p4.wav,data/processed_real/pairs_v2_train/noisy/speaker_acclivity_156550__acclivity__a_004_stationary_1_4p4.wav,data/processed_real/pairs_v2_train/noise_reference/speaker_acclivity_156550__acclivity__a_004_stationary_1_4p4.wav,stationary,4.366423830043814
data/processed_real/pairs_v2_train/clean/speaker_acclivity_156550__acclivity__a_004_stationary_2_m6p5.wav,data/processed_real/pairs_v2_train/noisy/speaker_acclivity_156550__acclivity__a_004_stationary_2_m6p5.wav,data/processed_real/pairs_v2_train/noise_reference/speaker_acclivity_156550__acclivity__a_004_stationary_2_m6p5.wav,stationary,-6.509032937103664
data/processed_real/pairs_v2_train/clean/speaker_acclivity_156550__acclivity__a_005_nonstationary_0_8p1.wav,data/processed_real/pairs_v2_train/noisy/speaker_acclivity_156550__acclivity__a_005_nonstationary_0_8p1.wav,data/processed_real/pairs_v2_train/noise_reference/speaker_acclivity_156550__acclivity__a_005_nonstationary_0_8p1.wav,nonstationary,8.144668827253561
data/processed_real/pairs_v2_train/clean/speaker_acclivity_156550__acclivity__a_005_stationary_1_11p9.wav,data/processed_real/pairs_v2_train/noisy/speaker_acclivity_156550__acclivity__a_005_stationary_1_11p9.wav,data/processed_real/pairs_v2_train/noise_reference/speaker_acclivity_156550__acclivity__a_005_stationary_1_11p9.wav,stationary,11.880231054794745
data/processed_real/pairs_v2_train/clean/speaker_acclivity_156550__acclivity__a_005_nonstationary_2_m3p5.wav,data/processed_real/pairs_v2_train/noisy/speaker_acclivity_156550__acclivity__a_005_nonstationary_2_m3p5.wav,data/processed_real/pairs_v2_train/noise_reference/speaker_acclivity_156550__acclivity__a_005_nonstationary_2_m3p5.wav,nonstationary,-3.4942361137492544
data/processed_real/pairs_v2_train/clean/speaker_acclivity_156550__acclivity__a_006_nonstationary_0_m2p1.wav,data/processed_real/pairs_v2_train/noisy/speaker_acclivity_156550__acclivity__a_006_nonstationary_0_m2p1.wav,data/processed_real/pairs_v2_train/noise_reference/speaker_acclivity_156550__acclivity__a_006_nonstationary_0_m2p1.wav,nonstationary,-2.092092513230103
data/processed_real/pairs_v2_train/clean/speaker_acclivity_156550__acclivity__a_006_nonstationary_1_14p1.wav,data/processed_real/pairs_v2_train/noisy/speaker_acclivity_156550__acclivity__a_006_nonstationary_1_14p1.wav,data/processed_real/pairs_v2_train/noise_reference/speaker_acclivity_156550__acclivity__a_006_nonstationary_1_14p1.wav,nonstationary,14.107886866831656
data/processed_real/pairs_v2_train/clean/speaker_acclivity_156550__acclivity__a_006_stationary_2_0p4.wav,data/processed_real/pairs_v2_train/noisy/speaker_acclivity_156550__acclivity__a_006_stationary_2_0p4.wav,data/processed_real/pairs_v2_train/noise_reference/speaker_acclivity_156550__acclivity__a_006_stationary_2_0p4.wav,stationary,0.3953509261955741
data/processed_real/pairs_v2_train/clean/speaker_acclivity_156550__acclivity__a_007_nonstationary_0_0p8.wav,data/processed_real/pairs_v2_train/noisy/speaker_acclivity_156550__acclivity__a_007_nonstationary_0_0p8.wav,data/processed_real/pairs_v2_train/noise_reference/speaker_acclivity_156550__acclivity__a_007_nonstationary_0_0p8.wav,nonstationary,0.8406825765590167
data/processed_real/pairs_v2_train/clean/speaker_acclivity_156550__acclivity__a_007_transient_1_6p0.wav,data/processed_real/pairs_v2_train/noisy/speaker_acclivity_156550__acclivity__a_007_transient_1_6p0.wav,data/processed_real/pairs_v2_train/noise_reference/speaker_acclivity_156550__acclivity__a_007_transient_1_6p0.wav,transient,5.984263852945352
data/processed_real/pairs_v2_train/clean/speaker_acclivity_156550__acclivity__a_007_transient_2_7p5.wav,data/processed_real/pairs_v2_train/noisy/speaker_acclivity_156550__acclivity__a_007_transient_2_7p5.wav,data/processed_real/pairs_v2_train/noise_reference/speaker_acclivity_156550__acclivity__a_007_transient_2_7p5.wav,transient,7.506145615486449
data/processed_real/pairs_v2_train/clean/speaker_acclivity_156550__acclivity__a_008_stationary_0_m4p4.wav,data/processed_real/pairs_v2_train/noisy/speaker_acclivity_156550__acclivity__a_008_stationary_0_m4p4.wav,data/processed_real/pairs_v2_train/noise_reference/speaker_acclivity_156550__acclivity__a_008_stationary_0_m4p4.wav,stationary,-4.424883630714068
data/processed_real/pairs_v2_train/clean/speaker_acclivity_156550__acclivity__a_008_nonstationary_1_m6p6.wav,data/processed_real/pairs_v2_train/noisy/speaker_acclivity_156550__acclivity__a_008_nonstationary_1_m6p6.wav,data/processed_real/pairs_v2_train/noise_reference/speaker_acclivity_156550__acclivity__a_008_nonstationary_1_m6p6.wav,nonstationary,-6.553506113016571
data/processed_real/pairs_v2_train/clean/speaker_acclivity_156550__acclivity__a_008_stationary_2_9p5.wav,data/processed_real/pairs_v2_train/noisy/speaker_acclivity_156550__acclivity__a_008_stationary_2_9p5.wav,data/processed_real/pairs_v2_train/noise_reference/speaker_acclivity_156550__acclivity__a_008_stationary_2_9p5.wav,stationary,9.462464159915626
data/processed_real/pairs_v2_train/clean/speaker_acclivity_156550__acclivity__a_009_stationary_0_m6p4.wav,data/processed_real/pairs_v2_train/noisy/speaker_acclivity_156550__acclivity__a_009_stationary_0_m6p4.wav,data/processed_real/pairs_v2_train/noise_reference/speaker_acclivity_156550__acclivity__a_009_stationary_0_m6p4.wav,stationary,-6.393290030607936
data/processed_real/pairs_v2_train/clean/speaker_acclivity_156550__acclivity__a_009_transient_1_2p7.wav,data/processed_real/pairs_v2_train/noisy/speaker_acclivity_156550__acclivity__a_009_transient_1_2p7.wav,data/processed_real/pairs_v2_train/noise_reference/speaker_acclivity_156550__acclivity__a_009_transient_1_2p7.wav,transient,2.7081041143380737
data/processed_real/pairs_v2_train/clean/speaker_acclivity_156550__acclivity__a_009_transient_2_m10p0.wav,data/processed_real/pairs_v2_train/noisy/speaker_acclivity_156550__acclivity__a_009_transient_2_m10p0.wav,data/processed_real/pairs_v2_train/noise_reference/speaker_acclivity_156550__acclivity__a_009_transient_2_m10p0.wav,transient,-9.995980142548497
data/processed_real/pairs_v2_train/clean/speaker_acclivity_156550__acclivity__a_010_nonstationary_0_m0p0.wav,data/processed_real/pairs_v2_train/noisy/speaker_acclivity_156550__acclivity__a_010_nonstationary_0_m0p0.wav,data/processed_real/pairs_v2_train/noise_reference/speaker_acclivity_156550__acclivity__a_010_nonstationary_0_m0p0.wav,nonstationary,-0.03619458657733432
data/processed_real/pairs_v2_train/clean/speaker_acclivity_156550__acclivity__a_010_nonstationary_1_1p9.wav,data/processed_real/pairs_v2_train/noisy/speaker_acclivity_156550__acclivity__a_010_nonstationary_1_1p9.wav,data/processed_real/pairs_v2_train/noise_reference/speaker_acclivity_156550__acclivity__a_010_nonstationary_1_1p9.wav,nonstationary,1.8825890692160119
data/processed_real/pairs_v2_train/clean/speaker_acclivity_156550__acclivity__a_010_transient_2_m6p6.wav,data/processed_real/pairs_v2_train/noisy/speaker_acclivity_156550__acclivity__a_010_transient_2_m6p6.wav,data/processed_real/pairs_v2_train/noise_reference/speaker_acclivity_156550__acclivity__a_010_transient_2_m6p6.wav,transient,-6.571631894590512
data/processed_real/pairs_v2_train/clean/speaker_acclivity_156550__acclivity__a_011_transient_0_0p0.wav,data/processed_real/pairs_v2_train/noisy/speaker_acclivity_156550__acclivity__a_011_transient_0_0p0.wav,data/processed_real/pairs_v2_train/noise_reference/speaker_acclivity_156550__acclivity__a_011_transient_0_0p0.wav,transient,0.03192993954872492
data/processed_real/pairs_v2_train/clean/speaker_acclivity_156550__acclivity__a_011_nonstationary_1_m6p0.wav,data/processed_real/pairs_v2_train/noisy/speaker_acclivity_156550__acclivity__a_011_nonstationary_1_m6p0.wav,data/processed_real/pairs_v2_train/noise_reference/speaker_acclivity_156550__acclivity__a_011_nonstationary_1_m6p0.wav,nonstationary,-5.953562596963201
data/processed_real/pairs_v2_train/clean/speaker_acclivity_156550__acclivity__a_011_transient_2_5p4.wav,data/processed_real/pairs_v2_train/noisy/speaker_acclivity_156550__acclivity__a_011_transient_2_5p4.wav,data/processed_real/pairs_v2_train/noise_reference/speaker_acclivity_156550__acclivity__a_011_transient_2_5p4.wav,transient,5.41845825603742
data/processed_real/pairs_v2_train/clean/speaker_acclivity_156550__acclivity__a_012_stationary_0_11p1.wav,data/processed_real/pairs_v2_train/noisy/speaker_acclivity_156550__acclivity__a_012_stationary_0_11p1.wav,data/processed_real/pairs_v2_train/noise_reference/speaker_acclivity_156550__acclivity__a_012_stationary_0_11p1.wav,stationary,11.072191425591804
data/processed_real/pairs_v2_train/clean/speaker_acclivity_156550__acclivity__a_012_stationary_1_m0p3.wav,data/processed_real/pairs_v2_train/noisy/speaker_acclivity_156550__acclivity__a_012_stationary_1_m0p3.wav,data/processed_real/pairs_v2_train/noise_reference/speaker_acclivity_156550__acclivity__a_012_stationary_1_m0p3.wav,stationary,-0.2927352889424668
data/processed_real/pairs_v2_train/clean/speaker_acclivity_156550__acclivity__a_012_transient_2_6p7.wav,data/processed_real/pairs_v2_train/noisy/speaker_acclivity_156550__acclivity__a_012_transient_2_6p7.wav,data/processed_real/pairs_v2_train/noise_reference/speaker_acclivity_156550__acclivity__a_012_transient_2_6p7.wav,transient,6.683014249350787
data/processed_real/pairs_v2_train/clean/speaker_acclivity_156550__acclivity__a_013_nonstationary_0_9p9.wav,data/processed_real/pairs_v2_train/noisy/speaker_acclivity_156550__acclivity__a_013_nonstationary_0_9p9.wav,data/processed_real/pairs_v2_train/noise_reference/speaker_acclivity_156550__acclivity__a_013_nonstationary_0_9p9.wav,nonstationary,9.921408606260837
data/processed_real/pairs_v2_train/clean/speaker_acclivity_156550__acclivity__a_013_nonstationary_1_2p5.wav,data/processed_real/pairs_v2_train/noisy/speaker_acclivity_156550__acclivity__a_013_nonstationary_1_2p5.wav,data/processed_real/pairs_v2_train/noise_reference/speaker_acclivity_156550__acclivity__a_013_nonstationary_1_2p5.wav,nonstationary,2.5109740669970577
data/processed_real/pairs_v2_train/clean/speaker_acclivity_156550__acclivity__a_013_nonstationary_2_m5p3.wav,data/processed_real/pairs_v2_train/noisy/speaker_acclivity_156550__acclivity__a_013_nonstationary_2_m5p3.wav,data/processed_real/pairs_v2_train/noise_reference/speaker_acclivity_156550__acclivity__a_013_nonstationary_2_m5p3.wav,nonstationary,-5.309102477893534
data/processed_real/pairs_v2_train/clean/speaker_acclivity_156550__acclivity__a_014_nonstationary_0_m6p2.wav,data/processed_real/pairs_v2_train/noisy/speaker_acclivity_156550__acclivity__a_014_nonstationary_0_m6p2.wav,data/processed_real/pairs_v2_train/noise_reference/speaker_acclivity_156550__acclivity__a_014_nonstationary_0_m6p2.wav,nonstationary,-6.241115703216848
data/processed_real/pairs_v2_train/clean/speaker_acclivity_156550__acclivity__a_014_stationary_1_4p9.wav,data/processed_real/pairs_v2_train/noisy/speaker_acclivity_156550__acclivity__a_014_stationary_1_4p9.wav,data/processed_real/pairs_v2_train/noise_reference/speaker_acclivity_156550__acclivity__a_014_stationary_1_4p9.wav,stationary,4.934652227994407
data/processed_real/pairs_v2_train/clean/speaker_acclivity_156550__acclivity__a_014_stationary_2_m3p0.wav,data/processed_real/pairs_v2_train/noisy/speaker_acclivity_156550__acclivity__a_014_stationary_2_m3p0.wav,data/processed_real/pairs_v2_train/noise_reference/speaker_acclivity_156550__acclivity__a_014_stationary_2_m3p0.wav,stationary,-2.9683404696890783
data/processed_real/pairs_v2_train/clean/speaker_acclivity_156550__acclivity__a_015_nonstationary_0_1p6.wav,data/processed_real/pairs_v2_train/noisy/speaker_acclivity_156550__acclivity__a_015_nonstationary_0_1p6.wav,data/processed_real/pairs_v2_train/noise_reference/speaker_acclivity_156550__acclivity__a_015_nonstationary_0_1p6.wav,nonstationary,1.612737661672476
data/processed_real/pairs_v2_train/clean/speaker_acclivity_156550__acclivity__a_015_nonstationary_1_4p7.wav,data/processed_real/pairs_v2_train/noisy/speaker_acclivity_156550__acclivity__a_015_nonstationary_1_4p7.wav,data/processed_real/pairs_v2_train/noise_reference/speaker_acclivity_156550__acclivity__a_015_nonstationary_1_4p7.wav,nonstationary,4.664509635627393
data/processed_real/pairs_v2_train/clean/speaker_acclivity_156550__acclivity__a_015_stationary_2_9p0.wav,data/processed_real/pairs_v2_train/noisy/speaker_acclivity_156550__acclivity__a_015_stationary_2_9p0.wav,data/processed_real/pairs_v2_train/noise_reference/speaker_acclivity_156550__acclivity__a_015_stationary_2_9p0.wav,stationary,9.00257655374994
data/processed_real/pairs_v2_train/clean/speaker_acclivity_156550__acclivity__a_016_transient_0_m5p9.wav,data/processed_real/pairs_v2_train/noisy/speaker_acclivity_156550__acclivity__a_016_transient_0_m5p9.wav,data/processed_real/pairs_v2_train/noise_reference/speaker_acclivity_156550__acclivity__a_016_transient_0_m5p9.wav,transient,-5.944741529977279
data/processed_real/pairs_v2_train/clean/speaker_acclivity_156550__acclivity__a_016_stationary_1_m0p4.wav,data/processed_real/pairs_v2_train/noisy/speaker_acclivity_156550__acclivity__a_016_stationary_1_m0p4.wav,data/processed_real/pairs_v2_train/noise_reference/speaker_acclivity_156550__acclivity__a_016_stationary_1_m0p4.wav,stationary,-0.3991166464548961
data/processed_real/pairs_v2_train/clean/speaker_acclivity_156550__acclivity__a_016_stationary_2_m3p8.wav,data/processed_real/pairs_v2_train/noisy/speaker_acclivity_156550__acclivity__a_016_stationary_2_m3p8.wav,data/processed_real/pairs_v2_train/noise_reference/speaker_acclivity_156550__acclivity__a_016_stationary_2_m3p8.wav,stationary,-3.7974712489381437
data/processed_real/pairs_v2_train/clean/speaker_acclivity_156550__acclivity__a_017_nonstationary_0_14p7.wav,data/processed_real/pairs_v2_train/noisy/speaker_acclivity_156550__acclivity__a_017_nonstationary_0_14p7.wav,data/processed_real/pairs_v2_train/noise_reference/speaker_acclivity_156550__acclivity__a_017_nonstationary_0_14p7.wav,nonstationary,14.682102037911193
data/processed_real/pairs_v2_train/clean/speaker_acclivity_156550__acclivity__a_017_transient_1_9p3.wav,data/processed_real/pairs_v2_train/noisy/speaker_acclivity_156550__acclivity__a_017_transient_1_9p3.wav,data/processed_real/pairs_v2_train/noise_reference/speaker_acclivity_156550__acclivity__a_017_transient_1_9p3.wav,transient,9.28047306650895
data/processed_real/pairs_v2_train/clean/speaker_acclivity_156550__acclivity__a_017_stationary_2_m4p3.wav,data/processed_real/pairs_v2_train/noisy/speaker_acclivity_156550__acclivity__a_017_stationary_2_m4p3.wav,data/processed_real/pairs_v2_train/noise_reference/speaker_acclivity_156550__acclivity__a_017_stationary_2_m4p3.wav,stationary,-4.251608022870018
data/processed_real/pairs_v2_train/clean/speaker_acclivity_156550__acclivity__a_018_nonstationary_0_m9p2.wav,data/processed_real/pairs_v2_train/noisy/speaker_acclivity_156550__acclivity__a_018_nonstationary_0_m9p2.wav,data/processed_real/pairs_v2_train/noise_reference/speaker_acclivity_156550__acclivity__a_018_nonstationary_0_m9p2.wav,nonstationary,-9.245090452942492
data/processed_real/pairs_v2_train/clean/speaker_acclivity_156550__acclivity__a_018_nonstationary_1_2p3.wav,data/processed_real/pairs_v2_train/noisy/speaker_acclivity_156550__acclivity__a_018_nonstationary_1_2p3.wav,data/processed_real/pairs_v2_train/noise_reference/speaker_acclivity_156550__acclivity__a_018_nonstationary_1_2p3.wav,nonstationary,2.3236666479649255
data/processed_real/pairs_v2_train/clean/speaker_acclivity_156550__acclivity__a_018_nonstationary_2_8p3.wav,data/processed_real/pairs_v2_train/noisy/speaker_acclivity_156550__acclivity__a_018_nonstationary_2_8p3.wav,data/processed_real/pairs_v2_train/noise_reference/speaker_acclivity_156550__acclivity__a_018_nonstationary_2_8p3.wav,nonstationary,8.262486972704483
data/processed_real/pairs_v2_train/clean/speaker_acclivity_156550__acclivity__a_019_transient_0_m1p8.wav,data/processed_real/pairs_v2_train/noisy/speaker_acclivity_156550__acclivity__a_019_transient_0_m1p8.wav,data/processed_real/pairs_v2_train/noise_reference/speaker_acclivity_156550__acclivity__a_019_transient_0_m1p8.wav,transient,-1.8128163982173788
data/processed_real/pairs_v2_train/clean/speaker_acclivity_156550__acclivity__a_019_stationary_1_14p6.wav,data/processed_real/pairs_v2_train/noisy/speaker_acclivity_156550__acclivity__a_019_stationary_1_14p6.wav,data/processed_real/pairs_v2_train/noise_reference/speaker_acclivity_156550__acclivity__a_019_stationary_1_14p6.wav,stationary,14.622801946741525
data/processed_real/pairs_v2_train/clean/speaker_acclivity_156550__acclivity__a_019_nonstationary_2_9p5.wav,data/processed_real/pairs_v2_train/noisy/speaker_acclivity_156550__acclivity__a_019_nonstationary_2_9p5.wav,data/processed_real/pairs_v2_train/noise_reference/speaker_acclivity_156550__acclivity__a_019_nonstationary_2_9p5.wav,nonstationary,9.513145583498087
data/processed_real/pairs_v2_train/clean/speaker_acclivity_156550__acclivity__a_020_nonstationary_0_4p5.wav,data/processed_real/pairs_v2_train/noisy/speaker_acclivity_156550__acclivity__a_020_nonstationary_0_4p5.wav,data/processed_real/pairs_v2_train/noise_reference/speaker_acclivity_156550__acclivity__a_020_nonstationary_0_4p5.wav,nonstationary,4.540168653537108
data/processed_real/pairs_v2_train/clean/speaker_acclivity_156550__acclivity__a_020_nonstationary_1_m4p6.wav,data/processed_real/pairs_v2_train/noisy/speaker_acclivity_156550__acclivity__a_020_nonstationary_1_m4p6.wav,data/processed_real/pairs_v2_train/noise_reference/speaker_acclivity_156550__acclivity__a_020_nonstationary_1_m4p6.wav,nonstationary,-4.597955201773254
data/processed_real/pairs_v2_train/clean/speaker_acclivity_156550__acclivity__a_020_stationary_2_m2p6.wav,data/processed_real/pairs_v2_train/noisy/speaker_acclivity_156550__acclivity__a_020_stationary_2_m2p6.wav,data/processed_real/pairs_v2_train/noise_reference/speaker_acclivity_156550__acclivity__a_020_stationary_2_m2p6.wav,stationary,-2.614654006671521
data/processed_real/pairs_v2_train/clean/speaker_acclivity_156550__acclivity__a_021_stationary_0_11p9.wav,data/processed_real/pairs_v2_train/noisy/speaker_acclivity_156550__acclivity__a_021_stationary_0_11p9.wav,data/processed_real/pairs_v2_train/noise_reference/speaker_acclivity_156550__acclivity__a_021_stationary_0_11p9.wav,stationary,11.862895163640239
data/processed_real/pairs_v2_train/clean/speaker_acclivity_156550__acclivity__a_021_stationary_1_m5p1.wav,data/processed_real/pairs_v2_train/noisy/speaker_acclivity_156550__acclivity__a_021_stationary_1_m5p1.wav,data/processed_real/pairs_v2_train/noise_reference/speaker_acclivity_156550__acclivity__a_021_stationary_1_m5p1.wav,stationary,-5.052404861109324
data/processed_real/pairs_v2_train/clean/speaker_acclivity_156550__acclivity__a_021_stationary_2_m4p4.wav,data/processed_real/pairs_v2_train/noisy/speaker_acclivity_156550__acclivity__a_021_stationary_2_m4p4.wav,data/processed_real/pairs_v2_train/noise_reference/speaker_acclivity_156550__acclivity__a_021_stationary_2_m4p4.wav,stationary,-4.37546203595695
data/processed_real/pairs_v2_train/clean/speaker_acclivity_34210__acclivity__i-_000_transient_0_5p3.wav,data/processed_real/pairs_v2_train/noisy/speaker_acclivity_34210__acclivity__i-_000_transient_0_5p3.wav,data/processed_real/pairs_v2_train/noise_reference/speaker_acclivity_34210__acclivity__i-_000_transient_0_5p3.wav,transient,5.256399833686748
data/processed_real/pairs_v2_train/clean/speaker_acclivity_34210__acclivity__i-_000_stationary_1_13p6.wav,data/processed_real/pairs_v2_train/noisy/speaker_acclivity_34210__acclivity__i-_000_stationary_1_13p6.wav,data/processed_real/pairs_v2_train/noise_reference/speaker_acclivity_34210__acclivity__i-_000_stationary_1_13p6.wav,stationary,13.63376754897746
data/processed_real/pairs_v2_train/clean/speaker_acclivity_34210__acclivity__i-_000_nonstationary_2_11p6.wav,data/processed_real/pairs_v2_train/noisy/speaker_acclivity_34210__acclivity__i-_000_nonstationary_2_11p6.wav,data/processed_real/pairs_v2_train/noise_reference/speaker_acclivity_34210__acclivity__i-_000_nonstationary_2_11p6.wav,nonstationary,11.572672717457735
data/processed_real/pairs_v2_train/clean/speaker_acclivity_34210__acclivity__i-_001_stationary_0_m8p9.wav,data/processed_real/pairs_v2_train/noisy/speaker_acclivity_34210__acclivity__i-_001_stationary_0_m8p9.wav,data/processed_real/pairs_v2_train/noise_reference/speaker_acclivity_34210__acclivity__i-_001_stationary_0_m8p9.wav,stationary,-8.872681197030884
data/processed_real/pairs_v2_train/clean/speaker_acclivity_34210__acclivity__i-_001_nonstationary_1_4p7.wav,data/processed_real/pairs_v2_train/noisy/speaker_acclivity_34210__acclivity__i-_001_nonstationary_1_4p7.wav,data/processed_real/pairs_v2_train/noise_reference/speaker_acclivity_34210__acclivity__i-_001_nonstationary_1_4p7.wav,nonstationary,4.72628353150621
data/processed_real/pairs_v2_train/clean/speaker_acclivity_34210__acclivity__i-_001_stationary_2_0p0.wav,data/processed_real/pairs_v2_train/noisy/speaker_acclivity_34210__acclivity__i-_001_stationary_2_0p0.wav,data/processed_real/pairs_v2_train/noise_reference/speaker_acclivity_34210__acclivity__i-_001_stationary_2_0p0.wav,stationary,0.01303447589705442
data/processed_real/pairs_v2_train/clean/speaker_acclivity_34210__acclivity__i-_002_transient_0_m6p8.wav,data/processed_real/pairs_v2_train/noisy/speaker_acclivity_34210__acclivity__i-_002_transient_0_m6p8.wav,data/processed_real/pairs_v2_train/noise_reference/speaker_acclivity_34210__acclivity__i-_002_transient_0_m6p8.wav,transient,-6.821145182472737
data/processed_real/pairs_v2_train/clean/speaker_acclivity_34210__acclivity__i-_002_transient_1_m3p9.wav,data/processed_real/pairs_v2_train/noisy/speaker_acclivity_34210__acclivity__i-_002_transient_1_m3p9.wav,data/processed_real/pairs_v2_train/noise_reference/speaker_acclivity_34210__acclivity__i-_002_transient_1_m3p9.wav,transient,-3.9140968211276626
data/processed_real/pairs_v2_train/clean/speaker_acclivity_34210__acclivity__i-_002_nonstationary_2_6p1.wav,data/processed_real/pairs_v2_train/noisy/speaker_acclivity_34210__acclivity__i-_002_nonstationary_2_6p1.wav,data/processed_real/pairs_v2_train/noise_reference/speaker_acclivity_34210__acclivity__i-_002_nonstationary_2_6p1.wav,nonstationary,6.112513834665158
data/processed_real/pairs_v2_train/clean/speaker_acclivity_34210__acclivity__i-_003_stationary_0_m3p5.wav,data/processed_real/pairs_v2_train/noisy/speaker_acclivity_34210__acclivity__i-_003_stationary_0_m3p5.wav,data/processed_real/pairs_v2_train/noise_reference/speaker_acclivity_34210__acclivity__i-_003_stationary_0_m3p5.wav,stationary,-3.4616961347801505
data/processed_real/pairs_v2_train/clean/speaker_acclivity_34210__acclivity__i-_003_nonstationary_1_m2p7.wav,data/processed_real/pairs_v2_train/noisy/speaker_acclivity_34210__acclivity__i-_003_nonstationary_1_m2p7.wav,data/processed_real/pairs_v2_train/noise_reference/speaker_acclivity_34210__acclivity__i-_003_nonstationary_1_m2p7.wav,nonstationary,-2.7355090950304053
data/processed_real/pairs_v2_train/clean/speaker_acclivity_34210__acclivity__i-_003_nonstationary_2_m5p5.wav,data/processed_real/pairs_v2_train/noisy/speaker_acclivity_34210__acclivity__i-_003_nonstationary_2_m5p5.wav,data/processed_real/pairs_v2_train/noise_reference/speaker_acclivity_34210__acclivity__i-_003_nonstationary_2_m5p5.wav,nonstationary,-5.471703319795368
data/processed_real/pairs_v2_train/clean/speaker_acclivity_34210__acclivity__i-_004_transient_0_m0p8.wav,data/processed_real/pairs_v2_train/noisy/speaker_acclivity_34210__acclivity__i-_004_transient_0_m0p8.wav,data/processed_real/pairs_v2_train/noise_reference/speaker_acclivity_34210__acclivity__i-_004_transient_0_m0p8.wav,transient,-0.7586011721239103
data/processed_real/pairs_v2_train/clean/speaker_acclivity_34210__acclivity__i-_004_stationary_1_11p7.wav,data/processed_real/pairs_v2_train/noisy/speaker_acclivity_34210__acclivity__i-_004_stationary_1_11p7.wav,data/processed_real/pairs_v2_train/noise_reference/speaker_acclivity_34210__acclivity__i-_004_stationary_1_11p7.wav,stationary,11.703312288827401
data/processed_real/pairs_v2_train/clean/speaker_acclivity_34210__acclivity__i-_004_transient_2_m3p2.wav,data/processed_real/pairs_v2_train/noisy/speaker_acclivity_34210__acclivity__i-_004_transient_2_m3p2.wav,data/processed_real/pairs_v2_train/noise_reference/speaker_acclivity_34210__acclivity__i-_004_transient_2_m3p2.wav,transient,-3.1527711001819245
data/processed_real/pairs_v2_train/clean/speaker_acclivity_34210__acclivity__i-_005_transient_0_14p5.wav,data/processed_real/pairs_v2_train/noisy/speaker_acclivity_34210__acclivity__i-_005_transient_0_14p5.wav,data/processed_real/pairs_v2_train/noise_reference/speaker_acclivity_34210__acclivity__i-_005_transient_0_14p5.wav,transient,14.480638856887417
data/processed_real/pairs_v2_train/clean/speaker_acclivity_34210__acclivity__i-_005_stationary_1_1p7.wav,data/processed_real/pairs_v2_train/noisy/speaker_acclivity_34210__acclivity__i-_005_stationary_1_1p7.wav,data/processed_real/pairs_v2_train/noise_reference/speaker_acclivity_34210__acclivity__i-_005_stationary_1_1p7.wav,stationary,1.7250960410488467
data/processed_real/pairs_v2_train/clean/speaker_acclivity_34210__acclivity__i-_005_nonstationary_2_m1p5.wav,data/processed_real/pairs_v2_train/noisy/speaker_acclivity_34210__acclivity__i-_005_nonstationary_2_m1p5.wav,data/processed_real/pairs_v2_train/noise_reference/speaker_acclivity_34210__acclivity__i-_005_nonstationary_2_m1p5.wav,nonstationary,-1.508971963345612
data/processed_real/pairs_v2_train/clean/speaker_acclivity_34210__acclivity__i-_006_stationary_0_13p0.wav,data/processed_real/pairs_v2_train/noisy/speaker_acclivity_34210__acclivity__i-_006_stationary_0_13p0.wav,data/processed_real/pairs_v2_train/noise_reference/speaker_acclivity_34210__acclivity__i-_006_stationary_0_13p0.wav,stationary,12.97607498850686
data/processed_real/pairs_v2_train/clean/speaker_acclivity_34210__acclivity__i-_006_stationary_1_m8p6.wav,data/processed_real/pairs_v2_train/noisy/speaker_acclivity_34210__acclivity__i-_006_stationary_1_m8p6.wav,data/processed_real/pairs_v2_train/noise_reference/speaker_acclivity_34210__acclivity__i-_006_stationary_1_m8p6.wav,stationary,-8.616854954282646
data/processed_real/pairs_v2_train/clean/speaker_acclivity_34210__acclivity__i-_006_transient_2_11p4.wav,data/processed_real/pairs_v2_train/noisy/speaker_acclivity_34210__acclivity__i-_006_transient_2_11p4.wav,data/processed_real/pairs_v2_train/noise_reference/speaker_acclivity_34210__acclivity__i-_006_transient_2_11p4.wav,transient,11.378103571375743
data/processed_real/pairs_v2_train/clean/speaker_acclivity_34210__acclivity__i-_007_nonstationary_0_8p5.wav,data/processed_real/pairs_v2_train/noisy/speaker_acclivity_34210__acclivity__i-_007_nonstationary_0_8p5.wav,data/processed_real/pairs_v2_train/noise_reference/speaker_acclivity_34210__acclivity__i-_007_nonstationary_0_8p5.wav,nonstationary,8.479689228790384
data/processed_real/pairs_v2_train/clean/speaker_acclivity_34210__acclivity__i-_007_transient_1_2p3.wav,data/processed_real/pairs_v2_train/noisy/speaker_acclivity_34210__acclivity__i-_007_transient_1_2p3.wav,data/processed_real/pairs_v2_train/noise_reference/speaker_acclivity_34210__acclivity__i-_007_transient_1_2p3.wav,transient,2.346641428164986
data/processed_real/pairs_v2_train/clean/speaker_acclivity_34210__acclivity__i-_007_stationary_2_7p4.wav,data/processed_real/pairs_v2_train/noisy/speaker_acclivity_34210__acclivity__i-_007_stationary_2_7p4.wav,data/processed_real/pairs_v2_train/noise_reference/speaker_acclivity_34210__acclivity__i-_007_stationary_2_7p4.wav,stationary,7.418709312340923
data/processed_real/pairs_v2_train/clean/speaker_acclivity_34210__acclivity__i-_008_transient_0_6p0.wav,data/processed_real/pairs_v2_train/noisy/speaker_acclivity_34210__acclivity__i-_008_transient_0_6p0.wav,data/processed_real/pairs_v2_train/noise_reference/speaker_acclivity_34210__acclivity__i-_008_transient_0_6p0.wav,transient,5.9727264932072845
data/processed_real/pairs_v2_train/clean/speaker_acclivity_34210__acclivity__i-_008_nonstationary_1_m5p2.wav,data/processed_real/pairs_v2_train/noisy/speaker_acclivity_34210__acclivity__i-_008_nonstationary_1_m5p2.wav,data/processed_real/pairs_v2_train/noise_reference/speaker_acclivity_34210__acclivity__i-_008_nonstationary_1_m5p2.wav,nonstationary,-5.20109554514937
data/processed_real/pairs_v2_train/clean/speaker_acclivity_34210__acclivity__i-_008_stationary_2_9p6.wav,data/processed_real/pairs_v2_train/noisy/speaker_acclivity_34210__acclivity__i-_008_stationary_2_9p6.wav,data/processed_real/pairs_v2_train/noise_reference/speaker_acclivity_34210__acclivity__i-_008_stationary_2_9p6.wav,stationary,9.600656132927828
data/processed_real/pairs_v2_train/clean/speaker_acclivity_34210__acclivity__i-_009_stationary_0_m1p2.wav,data/processed_real/pairs_v2_train/noisy/speaker_acclivity_34210__acclivity__i-_009_stationary_0_m1p2.wav,data/processed_real/pairs_v2_train/noise_reference/speaker_acclivity_34210__acclivity__i-_009_stationary_0_m1p2.wav,stationary,-1.2427569325504226
data/processed_real/pairs_v2_train/clean/speaker_acclivity_34210__acclivity__i-_009_nonstationary_1_5p0.wav,data/processed_real/pairs_v2_train/noisy/speaker_acclivity_34210__acclivity__i-_009_nonstationary_1_5p0.wav,data/processed_real/pairs_v2_train/noise_reference/speaker_acclivity_34210__acclivity__i-_009_nonstationary_1_5p0.wav,nonstationary,4.992775208247105
data/processed_real/pairs_v2_train/clean/speaker_acclivity_34210__acclivity__i-_009_transient_2_11p0.wav,data/processed_real/pairs_v2_train/noisy/speaker_acclivity_34210__acclivity__i-_009_transient_2_11p0.wav,data/processed_real/pairs_v2_train/noise_reference/speaker_acclivity_34210__acclivity__i-_009_transient_2_11p0.wav,transient,10.955010921136122
data/processed_real/pairs_v2_train/clean/speaker_acclivity_34210__acclivity__i-_010_nonstationary_0_14p9.wav,data/processed_real/pairs_v2_train/noisy/speaker_acclivity_34210__acclivity__i-_010_nonstationary_0_14p9.wav,data/processed_real/pairs_v2_train/noise_reference/speaker_acclivity_34210__acclivity__i-_010_nonstationary_0_14p9.wav,nonstationary,14.919840555266298
data/processed_real/pairs_v2_train/clean/speaker_acclivity_34210__acclivity__i-_010_transient_1_9p7.wav,data/processed_real/pairs_v2_train/noisy/speaker_acclivity_34210__acclivity__i-_010_transient_1_9p7.wav,data/processed_real/pairs_v2_train/noise_reference/speaker_acclivity_34210__acclivity__i-_010_transient_1_9p7.wav,transient,9.68579905454585
data/processed_real/pairs_v2_train/clean/speaker_acclivity_34210__acclivity__i-_010_transient_2_m5p6.wav,data/processed_real/pairs_v2_train/noisy/speaker_acclivity_34210__acclivity__i-_010_transient_2_m5p6.wav,data/processed_real/pairs_v2_train/noise_reference/speaker_acclivity_34210__acclivity__i-_010_transient_2_m5p6.wav,transient,-5.612158954619325
data/processed_real/pairs_v2_train/clean/speaker_acclivity_34210__acclivity__i-_011_stationary_0_m3p6.wav,data/processed_real/pairs_v2_train/noisy/speaker_acclivity_34210__acclivity__i-_011_stationary_0_m3p6.wav,data/processed_real/pairs_v2_train/noise_reference/speaker_acclivity_34210__acclivity__i-_011_stationary_0_m3p6.wav,stationary,-3.6388439984722876
data/processed_real/pairs_v2_train/clean/speaker_acclivity_34210__acclivity__i-_011_stationary_1_4p0.wav,data/processed_real/pairs_v2_train/noisy/speaker_acclivity_34210__acclivity__i-_011_stationary_1_4p0.wav,data/processed_real/pairs_v2_train/noise_reference/speaker_acclivity_34210__acclivity__i-_011_stationary_1_4p0.wav,stationary,3.999847190768829
data/processed_real/pairs_v2_train/clean/speaker_acclivity_34210__acclivity__i-_011_nonstationary_2_3p8.wav,data/processed_real/pairs_v2_train/noisy/speaker_acclivity_34210__acclivity__i-_011_nonstationary_2_3p8.wav,data/processed_real/pairs_v2_train/noise_reference/speaker_acclivity_34210__acclivity__i-_011_nonstationary_2_3p8.wav,nonstationary,3.8341156709659803
data/processed_real/pairs_v2_train/clean/speaker_acclivity_34210__acclivity__i-_012_nonstationary_0_10p4.wav,data/processed_real/pairs_v2_train/noisy/speaker_acclivity_34210__acclivity__i-_012_nonstationary_0_10p4.wav,data/processed_real/pairs_v2_train/noise_reference/speaker_acclivity_34210__acclivity__i-_012_nonstationary_0_10p4.wav,nonstationary,10.441155302097574
data/processed_real/pairs_v2_train/clean/speaker_acclivity_34210__acclivity__i-_012_transient_1_5p9.wav,data/processed_real/pairs_v2_train/noisy/speaker_acclivity_34210__acclivity__i-_012_transient_1_5p9.wav,data/processed_real/pairs_v2_train/noise_reference/speaker_acclivity_34210__acclivity__i-_012_transient_1_5p9.wav,transient,5.885185534729986
data/processed_real/pairs_v2_train/clean/speaker_acclivity_34210__acclivity__i-_012_transient_2_3p8.wav,data/processed_real/pairs_v2_train/noisy/speaker_acclivity_34210__acclivity__i-_012_transient_2_3p8.wav,data/processed_real/pairs_v2_train/noise_reference/speaker_acclivity_34210__acclivity__i-_012_transient_2_3p8.wav,transient,3.848775348591893
data/processed_real/pairs_v2_train/clean/speaker_acclivity_34210__acclivity__i-_013_stationary_0_4p7.wav,data/processed_real/pairs_v2_train/noisy/speaker_acclivity_34210__acclivity__i-_013_stationary_0_4p7.wav,data/processed_real/pairs_v2_train/noise_reference/speaker_acclivity_34210__acclivity__i-_013_stationary_0_4p7.wav,stationary,4.653247283546634
data/processed_real/pairs_v2_train/clean/speaker_acclivity_34210__acclivity__i-_013_transient_1_m2p7.wav,data/processed_real/pairs_v2_train/noisy/speaker_acclivity_34210__acclivity__i-_013_transient_1_m2p7.wav,data/processed_real/pairs_v2_train/noise_reference/speaker_acclivity_34210__acclivity__i-_013_transient_1_m2p7.wav,transient,-2.6930890188281866
data/processed_real/pairs_v2_train/clean/speaker_acclivity_34210__acclivity__i-_013_transient_2_3p5.wav,data/processed_real/pairs_v2_train/noisy/speaker_acclivity_34210__acclivity__i-_013_transient_2_3p5.wav,data/processed_real/pairs_v2_train/noise_reference/speaker_acclivity_34210__acclivity__i-_013_transient_2_3p5.wav,transient,3.546062425809474
data/processed_real/pairs_v2_train/clean/speaker_acclivity_34210__acclivity__i-_014_transient_0_m0p0.wav,data/processed_real/pairs_v2_train/noisy/speaker_acclivity_34210__acclivity__i-_014_transient_0_m0p0.wav,data/processed_real/pairs_v2_train/noise_reference/speaker_acclivity_34210__acclivity__i-_014_transient_0_m0p0.wav,transient,-0.00713446497011283
data/processed_real/pairs_v2_train/clean/speaker_acclivity_34210__acclivity__i-_014_stationary_1_9p9.wav,data/processed_real/pairs_v2_train/noisy/speaker_acclivity_34210__acclivity__i-_014_stationary_1_9p9.wav,data/processed_real/pairs_v2_train/noise_reference/speaker_acclivity_34210__acclivity__i-_014_stationary_1_9p9.wav,stationary,9.886339621070075
data/processed_real/pairs_v2_train/clean/speaker_acclivity_34210__acclivity__i-_014_transient_2_m4p3.wav,data/processed_real/pairs_v2_train/noisy/speaker_acclivity_34210__acclivity__i-_014_transient_2_m4p3.wav,data/processed_real/pairs_v2_train/noise_reference/speaker_acclivity_34210__acclivity__i-_014_transient_2_m4p3.wav,transient,-4.349268655082788
data/processed_real/pairs_v2_train/clean/speaker_acclivity_34210__acclivity__i-_015_transient_0_m5p5.wav,data/processed_real/pairs_v2_train/noisy/speaker_acclivity_34210__acclivity__i-_015_transient_0_m5p5.wav,data/processed_real/pairs_v2_train/noise_reference/speaker_acclivity_34210__acclivity__i-_015_transient_0_m5p5.wav,transient,-5.518921443815732
data/processed_real/pairs_v2_train/clean/speaker_acclivity_34210__acclivity__i-_015_transient_1_m1p2.wav,data/processed_real/pairs_v2_train/noisy/speaker_acclivity_34210__acclivity__i-_015_transient_1_m1p2.wav,data/processed_real/pairs_v2_train/noise_reference/speaker_acclivity_34210__acclivity__i-_015_transient_1_m1p2.wav,transient,-1.1878865399932064
data/processed_real/pairs_v2_train/clean/speaker_acclivity_34210__acclivity__i-_015_nonstationary_2_m4p4.wav,data/processed_real/pairs_v2_train/noisy/speaker_acclivity_34210__acclivity__i-_015_nonstationary_2_m4p4.wav,data/processed_real/pairs_v2_train/noise_reference/speaker_acclivity_34210__acclivity__i-_015_nonstationary_2_m4p4.wav,nonstationary,-4.447467163567989
data/processed_real/pairs_v2_train/clean/speaker_acclivity_34210__acclivity__i-_016_stationary_0_2p5.wav,data/processed_real/pairs_v2_train/noisy/speaker_acclivity_34210__acclivity__i-_016_stationary_0_2p5.wav,data/processed_real/pairs_v2_train/noise_reference/speaker_acclivity_34210__acclivity__i-_016_stationary_0_2p5.wav,stationary,2.5032475136424175
data/processed_real/pairs_v2_train/clean/speaker_acclivity_34210__acclivity__i-_016_nonstationary_1_10p3.wav,data/processed_real/pairs_v2_train/noisy/speaker_acclivity_34210__acclivity__i-_016_nonstationary_1_10p3.wav,data/processed_real/pairs_v2_train/noise_reference/speaker_acclivity_34210__acclivity__i-_016_nonstationary_1_10p3.wav,nonstationary,10.324012140387534
data/processed_real/pairs_v2_train/clean/speaker_acclivity_34210__acclivity__i-_016_nonstationary_2_3p5.wav,data/processed_real/pairs_v2_train/noisy/speaker_acclivity_34210__acclivity__i-_016_nonstationary_2_3p5.wav,data/processed_real/pairs_v2_train/noise_reference/speaker_acclivity_34210__acclivity__i-_016_nonstationary_2_3p5.wav,nonstationary,3.461018054682249
data/processed_real/pairs_v2_train/clean/speaker_acclivity_34210__acclivity__i-_017_transient_0_m9p9.wav,data/processed_real/pairs_v2_train/noisy/speaker_acclivity_34210__acclivity__i-_017_transient_0_m9p9.wav,data/processed_real/pairs_v2_train/noise_reference/speaker_acclivity_34210__acclivity__i-_017_transient_0_m9p9.wav,transient,-9.862345944700351
data/processed_real/pairs_v2_train/clean/speaker_acclivity_34210__acclivity__i-_017_nonstationary_1_10p7.wav,data/processed_real/pairs_v2_train/noisy/speaker_acclivity_34210__acclivity__i-_017_nonstationary_1_10p7.wav,data/processed_real/pairs_v2_train/noise_reference/speaker_acclivity_34210__acclivity__i-_017_nonstationary_1_10p7.wav,nonstationary,10.729815221978633
data/processed_real/pairs_v2_train/clean/speaker_acclivity_34210__acclivity__i-_017_stationary_2_7p3.wav,data/processed_real/pairs_v2_train/noisy/speaker_acclivity_34210__acclivity__i-_017_stationary_2_7p3.wav,data/processed_real/pairs_v2_train/noise_reference/speaker_acclivity_34210__acclivity__i-_017_stationary_2_7p3.wav,stationary,7.282631537049998
data/processed_real/pairs_v2_train/clean/speaker_acclivity_34210__acclivity__i-_018_nonstationary_0_m0p6.wav,data/processed_real/pairs_v2_train/noisy/speaker_acclivity_34210__acclivity__i-_018_nonstationary_0_m0p6.wav,data/processed_real/pairs_v2_train/noise_reference/speaker_acclivity_34210__acclivity__i-_018_nonstationary_0_m0p6.wav,nonstationary,-0.6127069245372532
data/processed_real/pairs_v2_train/clean/speaker_acclivity_34210__acclivity__i-_018_nonstationary_1_4p2.wav,data/processed_real/pairs_v2_train/noisy/speaker_acclivity_34210__acclivity__i-_018_nonstationary_1_4p2.wav,data/processed_real/pairs_v2_train/noise_reference/speaker_acclivity_34210__acclivity__i-_018_nonstationary_1_4p2.wav,nonstationary,4.162469959167629
data/processed_real/pairs_v2_train/clean/speaker_acclivity_34210__acclivity__i-_018_nonstationary_2_1p2.wav,data/processed_real/pairs_v2_train/noisy/speaker_acclivity_34210__acclivity__i-_018_nonstationary_2_1p2.wav,data/processed_real/pairs_v2_train/noise_reference/speaker_acclivity_34210__acclivity__i-_018_nonstationary_2_1p2.wav,nonstationary,1.1728515767990917
data/processed_real/pairs_v2_train/clean/speaker_acclivity_34210__acclivity__i-_019_stationary_0_9p3.wav,data/processed_real/pairs_v2_train/noisy/speaker_acclivity_34210__acclivity__i-_019_stationary_0_9p3.wav,data/processed_real/pairs_v2_train/noise_reference/speaker_acclivity_34210__acclivity__i-_019_stationary_0_9p3.wav,stationary,9.296114283005615
data/processed_real/pairs_v2_train/clean/speaker_acclivity_34210__acclivity__i-_019_nonstationary_1_m3p4.wav,data/processed_real/pairs_v2_train/noisy/speaker_acclivity_34210__acclivity__i-_019_nonstationary_1_m3p4.wav,data/processed_real/pairs_v2_train/noise_reference/speaker_acclivity_34210__acclivity__i-_019_nonstationary_1_m3p4.wav,nonstationary,-3.447662624914366
data/processed_real/pairs_v2_train/clean/speaker_acclivity_34210__acclivity__i-_019_transient_2_m3p1.wav,data/processed_real/pairs_v2_train/noisy/speaker_acclivity_34210__acclivity__i-_019_transient_2_m3p1.wav,data/processed_real/pairs_v2_train/noise_reference/speaker_acclivity_34210__acclivity__i-_019_transient_2_m3p1.wav,transient,-3.142352053417646
data/processed_real/pairs_v2_train/clean/speaker_acclivity_34210__acclivity__i-_020_nonstationary_0_m4p7.wav,data/processed_real/pairs_v2_train/noisy/speaker_acclivity_34210__acclivity__i-_020_nonstationary_0_m4p7.wav,data/processed_real/pairs_v2_train/noise_reference/speaker_acclivity_34210__acclivity__i-_020_nonstationary_0_m4p7.wav,nonstationary,-4.745730444840337
data/processed_real/pairs_v2_train/clean/speaker_acclivity_34210__acclivity__i-_020_transient_1_m7p4.wav,data/processed_real/pairs_v2_train/noisy/speaker_acclivity_34210__acclivity__i-_020_transient_1_m7p4.wav,data/processed_real/pairs_v2_train/noise_reference/speaker_acclivity_34210__acclivity__i-_020_transient_1_m7p4.wav,transient,-7.423251768909916
data/processed_real/pairs_v2_train/clean/speaker_acclivity_34210__acclivity__i-_020_transient_2_2p7.wav,data/processed_real/pairs_v2_train/noisy/speaker_acclivity_34210__acclivity__i-_020_transient_2_2p7.wav,data/processed_real/pairs_v2_train/noise_reference/speaker_acclivity_34210__acclivity__i-_020_transient_2_2p7.wav,transient,2.6691509588720272
data/processed_real/pairs_v2_train/clean/speaker_acclivity_34210__acclivity__i-_021_nonstationary_0_m2p9.wav,data/processed_real/pairs_v2_train/noisy/speaker_acclivity_34210__acclivity__i-_021_nonstationary_0_m2p9.wav,data/processed_real/pairs_v2_train/noise_reference/speaker_acclivity_34210__acclivity__i-_021_nonstationary_0_m2p9.wav,nonstationary,-2.929537157745407
data/processed_real/pairs_v2_train/clean/speaker_acclivity_34210__acclivity__i-_021_stationary_1_3p9.wav,data/processed_real/pairs_v2_train/noisy/speaker_acclivity_34210__acclivity__i-_021_stationary_1_3p9.wav,data/processed_real/pairs_v2_train/noise_reference/speaker_acclivity_34210__acclivity__i-_021_stationary_1_3p9.wav,stationary,3.8514927521364655
data/processed_real/pairs_v2_train/clean/speaker_acclivity_34210__acclivity__i-_021_stationary_2_m7p8.wav,data/processed_real/pairs_v2_train/noisy/speaker_acclivity_34210__acclivity__i-_021_stationary_2_m7p8.wav,data/processed_real/pairs_v2_train/noise_reference/speaker_acclivity_34210__acclivity__i-_021_stationary_2_m7p8.wav,stationary,-7.828663390782747
data/processed_real/pairs_v2_train/clean/speaker_acclivity_34210__acclivity__i-_022_stationary_0_3p9.wav,data/processed_real/pairs_v2_train/noisy/speaker_acclivity_34210__acclivity__i-_022_stationary_0_3p9.wav,data/processed_real/pairs_v2_train/noise_reference/speaker_acclivity_34210__acclivity__i-_022_stationary_0_3p9.wav,stationary,3.9220722025558192
data/processed_real/pairs_v2_train/clean/speaker_acclivity_34210__acclivity__i-_022_transient_1_m8p9.wav,data/processed_real/pairs_v2_train/noisy/speaker_acclivity_34210__acclivity__i-_022_transient_1_m8p9.wav,data/processed_real/pairs_v2_train/noise_reference/speaker_acclivity_34210__acclivity__i-_022_transient_1_m8p9.wav,transient,-8.92417035227979
data/processed_real/pairs_v2_train/clean/speaker_acclivity_34210__acclivity__i-_022_nonstationary_2_11p6.wav,data/processed_real/pairs_v2_train/noisy/speaker_acclivity_34210__acclivity__i-_022_nonstationary_2_11p6.wav,data/processed_real/pairs_v2_train/noise_reference/speaker_acclivity_34210__acclivity__i-_022_nonstationary_2_11p6.wav,nonstationary,11.596311009297946
data/processed_real/pairs_v2_train/clean/speaker_acclivity_34210__acclivity__i-_023_transient_0_0p5.wav,data/processed_real/pairs_v2_train/noisy/speaker_acclivity_34210__acclivity__i-_023_transient_0_0p5.wav,data/processed_real/pairs_v2_train/noise_reference/speaker_acclivity_34210__acclivity__i-_023_transient_0_0p5.wav,transient,0.4537532614343789
data/processed_real/pairs_v2_train/clean/speaker_acclivity_34210__acclivity__i-_023_nonstationary_1_6p0.wav,data/processed_real/pairs_v2_train/noisy/speaker_acclivity_34210__acclivity__i-_023_nonstationary_1_6p0.wav,data/processed_real/pairs_v2_train/noise_reference/speaker_acclivity_34210__acclivity__i-_023_nonstationary_1_6p0.wav,nonstationary,6.023639768173801
data/processed_real/pairs_v2_train/clean/speaker_acclivity_34210__acclivity__i-_023_transient_2_m3p5.wav,data/processed_real/pairs_v2_train/noisy/speaker_acclivity_34210__acclivity__i-_023_transient_2_m3p5.wav,data/processed_real/pairs_v2_train/noise_reference/speaker_acclivity_34210__acclivity__i-_023_transient_2_m3p5.wav,transient,-3.4558584322144146
data/processed_real/pairs_v2_train/clean/speaker_acclivity_34210__acclivity__i-_024_transient_0_m3p3.wav,data/processed_real/pairs_v2_train/noisy/speaker_acclivity_34210__acclivity__i-_024_transient_0_m3p3.wav,data/processed_real/pairs_v2_train/noise_reference/speaker_acclivity_34210__acclivity__i-_024_transient_0_m3p3.wav,transient,-3.303449685250045
data/processed_real/pairs_v2_train/clean/speaker_acclivity_34210__acclivity__i-_024_nonstationary_1_13p0.wav,data/processed_real/pairs_v2_train/noisy/speaker_acclivity_34210__acclivity__i-_024_nonstationary_1_13p0.wav,data/processed_real/pairs_v2_train/noise_reference/speaker_acclivity_34210__acclivity__i-_024_nonstationary_1_13p0.wav,nonstationary,13.037421849925206
data/processed_real/pairs_v2_train/clean/speaker_acclivity_34210__acclivity__i-_024_nonstationary_2_m0p5.wav,data/processed_real/pairs_v2_train/noisy/speaker_acclivity_34210__acclivity__i-_024_nonstationary_2_m0p5.wav,data/processed_real/pairs_v2_train/noise_reference/speaker_acclivity_34210__acclivity__i-_024_nonstationary_2_m0p5.wav,nonstationary,-0.5050515058706591
data/processed_real/pairs_v2_train/clean/speaker_acclivity_34210__acclivity__i-_025_transient_0_10p3.wav,data/processed_real/pairs_v2_train/noisy/speaker_acclivity_34210__acclivity__i-_025_transient_0_10p3.wav,data/processed_real/pairs_v2_train/noise_reference/speaker_acclivity_34210__acclivity__i-_025_transient_0_10p3.wav,transient,10.278135165666374
data/processed_real/pairs_v2_train/clean/speaker_acclivity_34210__acclivity__i-_025_transient_1_13p5.wav,data/processed_real/pairs_v2_train/noisy/speaker_acclivity_34210__acclivity__i-_025_transient_1_13p5.wav,data/processed_real/pairs_v2_train/noise_reference/speaker_acclivity_34210__acclivity__i-_025_transient_1_13p5.wav,transient,13.461949993147545
data/processed_real/pairs_v2_train/clean/speaker_acclivity_34210__acclivity__i-_025_transient_2_m4p6.wav,data/processed_real/pairs_v2_train/noisy/speaker_acclivity_34210__acclivity__i-_025_transient_2_m4p6.wav,data/processed_real/pairs_v2_train/noise_reference/speaker_acclivity_34210__acclivity__i-_025_transient_2_m4p6.wav,transient,-4.633720965429985
data/processed_real/pairs_v2_train/clean/speaker_acclivity_34210__acclivity__i-_026_stationary_0_8p3.wav,data/processed_real/pairs_v2_train/noisy/speaker_acclivity_34210__acclivity__i-_026_stationary_0_8p3.wav,data/processed_real/pairs_v2_train/noise_reference/speaker_acclivity_34210__acclivity__i-_026_stationary_0_8p3.wav,stationary,8.339287226219781
data/processed_real/pairs_v2_train/clean/speaker_acclivity_34210__acclivity__i-_026_transient_1_m7p2.wav,data/processed_real/pairs_v2_train/noisy/speaker_acclivity_34210__acclivity__i-_026_transient_1_m7p2.wav,data/processed_real/pairs_v2_train/noise_reference/speaker_acclivity_34210__acclivity__i-_026_transient_1_m7p2.wav,transient,-7.15870348234143
data/processed_real/pairs_v2_train/clean/speaker_acclivity_34210__acclivity__i-_026_stationary_2_14p1.wav,data/processed_real/pairs_v2_train/noisy/speaker_acclivity_34210__acclivity__i-_026_stationary_2_14p1.wav,data/processed_real/pairs_v2_train/noise_reference/speaker_acclivity_34210__acclivity__i-_026_stationary_2_14p1.wav,stationary,14.057683693941815
data/processed_real/pairs_v2_train/clean/speaker_acclivity_34210__acclivity__i-_027_transient_0_m8p5.wav,data/processed_real/pairs_v2_train/noisy/speaker_acclivity_34210__acclivity__i-_027_transient_0_m8p5.wav,data/processed_real/pairs_v2_train/noise_reference/speaker_acclivity_34210__acclivity__i-_027_transient_0_m8p5.wav,transient,-8.546467138005248
data/processed_real/pairs_v2_train/clean/speaker_acclivity_34210__acclivity__i-_027_nonstationary_1_0p3.wav,data/processed_real/pairs_v2_train/noisy/speaker_acclivity_34210__acclivity__i-_027_nonstationary_1_0p3.wav,data/processed_real/pairs_v2_train/noise_reference/speaker_acclivity_34210__acclivity__i-_027_nonstationary_1_0p3.wav,nonstationary,0.2781401366191094
data/processed_real/pairs_v2_train/clean/speaker_acclivity_34210__acclivity__i-_027_nonstationary_2_13p7.wav,data/processed_real/pairs_v2_train/noisy/speaker_acclivity_34210__acclivity__i-_027_nonstationary_2_13p7.wav,data/processed_real/pairs_v2_train/noise_reference/speaker_acclivity_34210__acclivity__i-_027_nonstationary_2_13p7.wav,nonstationary,13.683584714682965
data/processed_real/pairs_v2_train/clean/speaker_acclivity_34210__acclivity__i-_028_transient_0_12p9.wav,data/processed_real/pairs_v2_train/noisy/speaker_acclivity_34210__acclivity__i-_028_transient_0_12p9.wav,data/processed_real/pairs_v2_train/noise_reference/speaker_acclivity_34210__acclivity__i-_028_transient_0_12p9.wav,transient,12.913571773017107
data/processed_real/pairs_v2_train/clean/speaker_acclivity_34210__acclivity__i-_028_stationary_1_m9p8.wav,data/processed_real/pairs_v2_train/noisy/speaker_acclivity_34210__acclivity__i-_028_stationary_1_m9p8.wav,data/processed_real/pairs_v2_train/noise_reference/speaker_acclivity_34210__acclivity__i-_028_stationary_1_m9p8.wav,stationary,-9.755606742571823
data/processed_real/pairs_v2_train/clean/speaker_acclivity_34210__acclivity__i-_028_transient_2_12p7.wav,data/processed_real/pairs_v2_train/noisy/speaker_acclivity_34210__acclivity__i-_028_transient_2_12p7.wav,data/processed_real/pairs_v2_train/noise_reference/speaker_acclivity_34210__acclivity__i-_028_transient_2_12p7.wav,transient,12.656709392607958
data/processed_real/pairs_v2_train/clean/speaker_acclivity_34210__acclivity__i-_029_transient_0_3p5.wav,data/processed_real/pairs_v2_train/noisy/speaker_acclivity_34210__acclivity__i-_029_transient_0_3p5.wav,data/processed_real/pairs_v2_train/noise_reference/speaker_acclivity_34210__acclivity__i-_029_transient_0_3p5.wav,transient,3.488512297195115
data/processed_real/pairs_v2_train/clean/speaker_acclivity_34210__acclivity__i-_029_transient_1_8p8.wav,data/processed_real/pairs_v2_train/noisy/speaker_acclivity_34210__acclivity__i-_029_transient_1_8p8.wav,data/processed_real/pairs_v2_train/noise_reference/speaker_acclivity_34210__acclivity__i-_029_transient_1_8p8.wav,transient,8.782518867770094
data/processed_real/pairs_v2_train/clean/speaker_acclivity_34210__acclivity__i-_029_stationary_2_10p3.wav,data/processed_real/pairs_v2_train/noisy/speaker_acclivity_34210__acclivity__i-_029_stationary_2_10p3.wav,data/processed_real/pairs_v2_train/noise_reference/speaker_acclivity_34210__acclivity__i-_029_stationary_2_10p3.wav,stationary,10.260946306063275
data/processed_real/pairs_v2_train/clean/speaker_acclivity_34210__acclivity__i-_030_transient_0_2p2.wav,data/processed_real/pairs_v2_train/noisy/speaker_acclivity_34210__acclivity__i-_030_transient_0_2p2.wav,data/processed_real/pairs_v2_train/noise_reference/speaker_acclivity_34210__acclivity__i-_030_transient_0_2p2.wav,transient,2.211882601220502
data/processed_real/pairs_v2_train/clean/speaker_acclivity_34210__acclivity__i-_030_stationary_1_9p4.wav,data/processed_real/pairs_v2_train/noisy/speaker_acclivity_34210__acclivity__i-_030_stationary_1_9p4.wav,data/processed_real/pairs_v2_train/noise_reference/speaker_acclivity_34210__acclivity__i-_030_stationary_1_9p4.wav,stationary,9.429359131699353
data/processed_real/pairs_v2_train/clean/speaker_acclivity_34210__acclivity__i-_030_nonstationary_2_m7p2.wav,data/processed_real/pairs_v2_train/noisy/speaker_acclivity_34210__acclivity__i-_030_nonstationary_2_m7p2.wav,data/processed_real/pairs_v2_train/noise_reference/speaker_acclivity_34210__acclivity__i-_030_nonstationary_2_m7p2.wav,nonstationary,-7.2419413140841815
data/processed_real/pairs_v2_train/clean/speaker_acclivity_34210__acclivity__i-_031_transient_0_m7p6.wav,data/processed_real/pairs_v2_train/noisy/speaker_acclivity_34210__acclivity__i-_031_transient_0_m7p6.wav,data/processed_real/pairs_v2_train/noise_reference/speaker_acclivity_34210__acclivity__i-_031_transient_0_m7p6.wav,transient,-7.551119863821789
data/processed_real/pairs_v2_train/clean/speaker_acclivity_34210__acclivity__i-_031_transient_1_m3p6.wav,data/processed_real/pairs_v2_train/noisy/speaker_acclivity_34210__acclivity__i-_031_transient_1_m3p6.wav,data/processed_real/pairs_v2_train/noise_reference/speaker_acclivity_34210__acclivity__i-_031_transient_1_m3p6.wav,transient,-3.5552736046404547
data/processed_real/pairs_v2_train/clean/speaker_acclivity_34210__acclivity__i-_031_stationary_2_8p9.wav,data/processed_real/pairs_v2_train/noisy/speaker_acclivity_34210__acclivity__i-_031_stationary_2_8p9.wav,data/processed_real/pairs_v2_train/noise_reference/speaker_acclivity_34210__acclivity__i-_031_stationary_2_8p9.wav,stationary,8.887568596845703
data/processed_real/pairs_v2_train/clean/speaker_acclivity_34210__acclivity__i-_032_stationary_0_m6p2.wav,data/processed_real/pairs_v2_train/noisy/speaker_acclivity_34210__acclivity__i-_032_stationary_0_m6p2.wav,data/processed_real/pairs_v2_train/noise_reference/speaker_acclivity_34210__acclivity__i-_032_stationary_0_m6p2.wav,stationary,-6.226253058764405
data/processed_real/pairs_v2_train/clean/speaker_acclivity_34210__acclivity__i-_032_transient_1_2p9.wav,data/processed_real/pairs_v2_train/noisy/speaker_acclivity_34210__acclivity__i-_032_transient_1_2p9.wav,data/processed_real/pairs_v2_train/noise_reference/speaker_acclivity_34210__acclivity__i-_032_transient_1_2p9.wav,transient,2.8702068747462572
data/processed_real/pairs_v2_train/clean/speaker_acclivity_34210__acclivity__i-_032_stationary_2_m9p7.wav,data/processed_real/pairs_v2_train/noisy/speaker_acclivity_34210__acclivity__i-_032_stationary_2_m9p7.wav,data/processed_real/pairs_v2_train/noise_reference/speaker_acclivity_34210__acclivity__i-_032_stationary_2_m9p7.wav,stationary,-9.694369834851493
data/processed_real/pairs_v2_train/clean/speaker_acclivity_34210__acclivity__i-_033_nonstationary_0_1p8.wav,data/processed_real/pairs_v2_train/noisy/speaker_acclivity_34210__acclivity__i-_033_nonstationary_0_1p8.wav,data/processed_real/pairs_v2_train/noise_reference/speaker_acclivity_34210__acclivity__i-_033_nonstationary_0_1p8.wav,nonstationary,1.7847044968280414
data/processed_real/pairs_v2_train/clean/speaker_acclivity_34210__acclivity__i-_033_transient_1_m1p0.wav,data/processed_real/pairs_v2_train/noisy/speaker_acclivity_34210__acclivity__i-_033_transient_1_m1p0.wav,data/processed_real/pairs_v2_train/noise_reference/speaker_acclivity_34210__acclivity__i-_033_transient_1_m1p0.wav,transient,-0.9518749780719595
data/processed_real/pairs_v2_train/clean/speaker_acclivity_34210__acclivity__i-_033_stationary_2_m3p1.wav,data/processed_real/pairs_v2_train/noisy/speaker_acclivity_34210__acclivity__i-_033_stationary_2_m3p1.wav,data/processed_real/pairs_v2_train/noise_reference/speaker_acclivity_34210__acclivity__i-_033_stationary_2_m3p1.wav,stationary,-3.071224640079353
data/processed_real/pairs_v2_train/clean/speaker_acclivity_34210__acclivity__i-_034_nonstationary_0_m3p1.wav,data/processed_real/pairs_v2_train/noisy/speaker_acclivity_34210__acclivity__i-_034_nonstationary_0_m3p1.wav,data/processed_real/pairs_v2_train/noise_reference/speaker_acclivity_34210__acclivity__i-_034_nonstationary_0_m3p1.wav,nonstationary,-3.0829975632213644
data/processed_real/pairs_v2_train/clean/speaker_acclivity_34210__acclivity__i-_034_stationary_1_m1p1.wav,data/processed_real/pairs_v2_train/noisy/speaker_acclivity_34210__acclivity__i-_034_stationary_1_m1p1.wav,data/processed_real/pairs_v2_train/noise_reference/speaker_acclivity_34210__acclivity__i-_034_stationary_1_m1p1.wav,stationary,-1.1151651707115207
data/processed_real/pairs_v2_train/clean/speaker_acclivity_34210__acclivity__i-_034_nonstationary_2_10p9.wav,data/processed_real/pairs_v2_train/noisy/speaker_acclivity_34210__acclivity__i-_034_nonstationary_2_10p9.wav,data/processed_real/pairs_v2_train/noise_reference/speaker_acclivity_34210__acclivity__i-_034_nonstationary_2_10p9.wav,nonstationary,10.894244444004645
data/processed_real/pairs_v2_train/clean/speaker_acclivity_34210__acclivity__i-_035_nonstationary_0_5p0.wav,data/processed_real/pairs_v2_train/noisy/speaker_acclivity_34210__acclivity__i-_035_nonstationary_0_5p0.wav,data/processed_real/pairs_v2_train/noise_reference/speaker_acclivity_34210__acclivity__i-_035_nonstationary_0_5p0.wav,nonstationary,4.9830372686521365
data/processed_real/pairs_v2_train/clean/speaker_acclivity_34210__acclivity__i-_035_nonstationary_1_13p5.wav,data/processed_real/pairs_v2_train/noisy/speaker_acclivity_34210__acclivity__i-_035_nonstationary_1_13p5.wav,data/processed_real/pairs_v2_train/noise_reference/speaker_acclivity_34210__acclivity__i-_035_nonstationary_1_13p5.wav,nonstationary,13.512874317020014
data/processed_real/pairs_v2_train/clean/speaker_acclivity_34210__acclivity__i-_035_stationary_2_m2p2.wav,data/processed_real/pairs_v2_train/noisy/speaker_acclivity_34210__acclivity__i-_035_stationary_2_m2p2.wav,data/processed_real/pairs_v2_train/noise_reference/speaker_acclivity_34210__acclivity__i-_035_stationary_2_m2p2.wav,stationary,-2.2308915999011605
data/processed_real/pairs_v2_train/clean/speaker_acclivity_34210__acclivity__i-_036_transient_0_m9p6.wav,data/processed_real/pairs_v2_train/noisy/speaker_acclivity_34210__acclivity__i-_036_transient_0_m9p6.wav,data/processed_real/pairs_v2_train/noise_reference/speaker_acclivity_34210__acclivity__i-_036_transient_0_m9p6.wav,transient,-9.618290601302709
data/processed_real/pairs_v2_train/clean/speaker_acclivity_34210__acclivity__i-_036_stationary_1_m2p7.wav,data/processed_real/pairs_v2_train/noisy/speaker_acclivity_34210__acclivity__i-_036_stationary_1_m2p7.wav,data/processed_real/pairs_v2_train/noise_reference/speaker_acclivity_34210__acclivity__i-_036_stationary_1_m2p7.wav,stationary,-2.6718800118235597
data/processed_real/pairs_v2_train/clean/speaker_acclivity_34210__acclivity__i-_036_nonstationary_2_m3p2.wav,data/processed_real/pairs_v2_train/noisy/speaker_acclivity_34210__acclivity__i-_036_nonstationary_2_m3p2.wav,data/processed_real/pairs_v2_train/noise_reference/speaker_acclivity_34210__acclivity__i-_036_nonstationary_2_m3p2.wav,nonstationary,-3.1713434865784036
data/processed_real/pairs_v2_train/clean/speaker_acclivity_34210__acclivity__i-_037_nonstationary_0_m7p4.wav,data/processed_real/pairs_v2_train/noisy/speaker_acclivity_34210__acclivity__i-_037_nonstationary_0_m7p4.wav,data/processed_real/pairs_v2_train/noise_reference/speaker_acclivity_34210__acclivity__i-_037_nonstationary_0_m7p4.wav,nonstationary,-7.410854896918164
data/processed_real/pairs_v2_train/clean/speaker_acclivity_34210__acclivity__i-_037_nonstationary_1_m9p7.wav,data/processed_real/pairs_v2_train/noisy/speaker_acclivity_34210__acclivity__i-_037_nonstationary_1_m9p7.wav,data/processed_real/pairs_v2_train/noise_reference/speaker_acclivity_34210__acclivity__i-_037_nonstationary_1_m9p7.wav,nonstationary,-9.685046056082582
data/processed_real/pairs_v2_train/clean/speaker_acclivity_34210__acclivity__i-_037_transient_2_6p8.wav,data/processed_real/pairs_v2_train/noisy/speaker_acclivity_34210__acclivity__i-_037_transient_2_6p8.wav,data/processed_real/pairs_v2_train/noise_reference/speaker_acclivity_34210__acclivity__i-_037_transient_2_6p8.wav,transient,6.837345821334324
data/processed_real/pairs_v2_train/clean/speaker_acclivity_34210__acclivity__i-_038_stationary_0_13p3.wav,data/processed_real/pairs_v2_train/noisy/speaker_acclivity_34210__acclivity__i-_038_stationary_0_13p3.wav,data/processed_real/pairs_v2_train/noise_reference/speaker_acclivity_34210__acclivity__i-_038_stationary_0_13p3.wav,stationary,13.308743895737123
data/processed_real/pairs_v2_train/clean/speaker_acclivity_34210__acclivity__i-_038_stationary_1_13p0.wav,data/processed_real/pairs_v2_train/noisy/speaker_acclivity_34210__acclivity__i-_038_stationary_1_13p0.wav,data/processed_real/pairs_v2_train/noise_reference/speaker_acclivity_34210__acclivity__i-_038_stationary_1_13p0.wav,stationary,13.000421809741631
data/processed_real/pairs_v2_train/clean/speaker_acclivity_34210__acclivity__i-_038_nonstationary_2_5p0.wav,data/processed_real/pairs_v2_train/noisy/speaker_acclivity_34210__acclivity__i-_038_nonstationary_2_5p0.wav,data/processed_real/pairs_v2_train/noise_reference/speaker_acclivity_34210__acclivity__i-_038_nonstationary_2_5p0.wav,nonstationary,4.963136438433915
data/processed_real/pairs_v2_train/clean/speaker_acclivity_34210__acclivity__i-_039_transient_0_m7p4.wav,data/processed_real/pairs_v2_train/noisy/speaker_acclivity_34210__acclivity__i-_039_transient_0_m7p4.wav,data/processed_real/pairs_v2_train/noise_reference/speaker_acclivity_34210__acclivity__i-_039_transient_0_m7p4.wav,transient,-7.42219653584461
data/processed_real/pairs_v2_train/clean/speaker_acclivity_34210__acclivity__i-_039_stationary_1_m8p3.wav,data/processed_real/pairs_v2_train/noisy/speaker_acclivity_34210__acclivity__i-_039_stationary_1_m8p3.wav,data/processed_real/pairs_v2_train/noise_reference/speaker_acclivity_34210__acclivity__i-_039_stationary_1_m8p3.wav,stationary,-8.286508519901647
data/processed_real/pairs_v2_train/clean/speaker_acclivity_34210__acclivity__i-_039_stationary_2_5p0.wav,data/processed_real/pairs_v2_train/noisy/speaker_acclivity_34210__acclivity__i-_039_stationary_2_5p0.wav,data/processed_real/pairs_v2_train/noise_reference/speaker_acclivity_34210__acclivity__i-_039_stationary_2_5p0.wav,stationary,4.994688847159921
data/processed_real/pairs_v2_train/clean/speaker_acclivity_34210__acclivity__i-_040_transient_0_11p6.wav,data/processed_real/pairs_v2_train/noisy/speaker_acclivity_34210__acclivity__i-_040_transient_0_11p6.wav,data/processed_real/pairs_v2_train/noise_reference/speaker_acclivity_34210__acclivity__i-_040_transient_0_11p6.wav,transient,11.645255720625872
data/processed_real/pairs_v2_train/clean/speaker_acclivity_34210__acclivity__i-_040_transient_1_m7p1.wav,data/processed_real/pairs_v2_train/noisy/speaker_acclivity_34210__acclivity__i-_040_transient_1_m7p1.wav,data/processed_real/pairs_v2_train/noise_reference/speaker_acclivity_34210__acclivity__i-_040_transient_1_m7p1.wav,transient,-7.118960418762263
data/processed_real/pairs_v2_train/clean/speaker_acclivity_34210__acclivity__i-_040_nonstationary_2_7p5.wav,data/processed_real/pairs_v2_train/noisy/speaker_acclivity_34210__acclivity__i-_040_nonstationary_2_7p5.wav,data/processed_real/pairs_v2_train/noise_reference/speaker_acclivity_34210__acclivity__i-_040_nonstationary_2_7p5.wav,nonstationary,7.456740549749551
data/processed_real/pairs_v2_train/clean/speaker_acclivity_34210__acclivity__i-_041_transient_0_m6p4.wav,data/processed_real/pairs_v2_train/noisy/speaker_acclivity_34210__acclivity__i-_041_transient_0_m6p4.wav,data/processed_real/pairs_v2_train/noise_reference/speaker_acclivity_34210__acclivity__i-_041_transient_0_m6p4.wav,transient,-6.445607337496666
data/processed_real/pairs_v2_train/clean/speaker_acclivity_34210__acclivity__i-_041_nonstationary_1_10p1.wav,data/processed_real/pairs_v2_train/noisy/speaker_acclivity_34210__acclivity__i-_041_nonstationary_1_10p1.wav,data/processed_real/pairs_v2_train/noise_reference/speaker_acclivity_34210__acclivity__i-_041_nonstationary_1_10p1.wav,nonstationary,10.054437218940453
data/processed_real/pairs_v2_train/clean/speaker_acclivity_34210__acclivity__i-_041_nonstationary_2_m5p3.wav,data/processed_real/pairs_v2_train/noisy/speaker_acclivity_34210__acclivity__i-_041_nonstationary_2_m5p3.wav,data/processed_real/pairs_v2_train/noise_reference/speaker_acclivity_34210__acclivity__i-_041_nonstationary_2_m5p3.wav,nonstationary,-5.300044437301504
data/processed_real/pairs_v2_train/clean/speaker_acclivity_34210__acclivity__i-_042_nonstationary_0_10p5.wav,data/processed_real/pairs_v2_train/noisy/speaker_acclivity_34210__acclivity__i-_042_nonstationary_0_10p5.wav,data/processed_real/pairs_v2_train/noise_reference/speaker_acclivity_34210__acclivity__i-_042_nonstationary_0_10p5.wav,nonstationary,10.509311199473593
data/processed_real/pairs_v2_train/clean/speaker_acclivity_34210__acclivity__i-_042_transient_1_m2p8.wav,data/processed_real/pairs_v2_train/noisy/speaker_acclivity_34210__acclivity__i-_042_transient_1_m2p8.wav,data/processed_real/pairs_v2_train/noise_reference/speaker_acclivity_34210__acclivity__i-_042_transient_1_m2p8.wav,transient,-2.7979732650074602
data/processed_real/pairs_v2_train/clean/speaker_acclivity_34210__acclivity__i-_042_transient_2_12p4.wav,data/processed_real/pairs_v2_train/noisy/speaker_acclivity_34210__acclivity__i-_042_transient_2_12p4.wav,data/processed_real/pairs_v2_train/noise_reference/speaker_acclivity_34210__acclivity__i-_042_transient_2_12p4.wav,transient,12.387273440168507
data/processed_real/pairs_v2_train/clean/speaker_acclivity_34210__acclivity__i-_043_nonstationary_0_10p4.wav,data/processed_real/pairs_v2_train/noisy/speaker_acclivity_34210__acclivity__i-_043_nonstationary_0_10p4.wav,data/processed_real/pairs_v2_train/noise_reference/speaker_acclivity_34210__acclivity__i-_043_nonstationary_0_10p4.wav,nonstationary,10.399122585400004
data/processed_real/pairs_v2_train/clean/speaker_acclivity_34210__acclivity__i-_043_stationary_1_2p8.wav,data/processed_real/pairs_v2_train/noisy/speaker_acclivity_34210__acclivity__i-_043_stationary_1_2p8.wav,data/processed_real/pairs_v2_train/noise_reference/speaker_acclivity_34210__acclivity__i-_043_stationary_1_2p8.wav,stationary,2.7535449262219913
data/processed_real/pairs_v2_train/clean/speaker_acclivity_34210__acclivity__i-_043_stationary_2_2p2.wav,data/processed_real/pairs_v2_train/noisy/speaker_acclivity_34210__acclivity__i-_043_stationary_2_2p2.wav,data/processed_real/pairs_v2_train/noise_reference/speaker_acclivity_34210__acclivity__i-_043_stationary_2_2p2.wav,stationary,2.172455019394185
data/processed_real/pairs_v2_train/clean/speaker_acclivity_34210__acclivity__i-_044_transient_0_m0p3.wav,data/processed_real/pairs_v2_train/noisy/speaker_acclivity_34210__acclivity__i-_044_transient_0_m0p3.wav,data/processed_real/pairs_v2_train/noise_reference/speaker_acclivity_34210__acclivity__i-_044_transient_0_m0p3.wav,transient,-0.2927524327567781
data/processed_real/pairs_v2_train/clean/speaker_acclivity_34210__acclivity__i-_044_nonstationary_1_11p1.wav,data/processed_real/pairs_v2_train/noisy/speaker_acclivity_34210__acclivity__i-_044_nonstationary_1_11p1.wav,data/processed_real/pairs_v2_train/noise_reference/speaker_acclivity_34210__acclivity__i-_044_nonstationary_1_11p1.wav,nonstationary,11.054828074976847
data/processed_real/pairs_v2_train/clean/speaker_acclivity_34210__acclivity__i-_044_nonstationary_2_12p6.wav,data/processed_real/pairs_v2_train/noisy/speaker_acclivity_34210__acclivity__i-_044_nonstationary_2_12p6.wav,data/processed_real/pairs_v2_train/noise_reference/speaker_acclivity_34210__acclivity__i-_044_nonstationary_2_12p6.wav,nonstationary,12.630986398864337
data/processed_real/pairs_v2_train/clean/speaker_acclivity_34210__acclivity__i-_045_nonstationary_0_10p0.wav,data/processed_real/pairs_v2_train/noisy/speaker_acclivity_34210__acclivity__i-_045_nonstationary_0_10p0.wav,data/processed_real/pairs_v2_train/noise_reference/speaker_acclivity_34210__acclivity__i-_045_nonstationary_0_10p0.wav,nonstationary,10.000562454443688
data/processed_real/pairs_v2_train/clean/speaker_acclivity_34210__acclivity__i-_045_transient_1_10p5.wav,data/processed_real/pairs_v2_train/noisy/speaker_acclivity_34210__acclivity__i-_045_transient_1_10p5.wav,data/processed_real/pairs_v2_train/noise_reference/speaker_acclivity_34210__acclivity__i-_045_transient_1_10p5.wav,transient,10.530826988340355
data/processed_real/pairs_v2_train/clean/speaker_acclivity_34210__acclivity__i-_045_transient_2_4p6.wav,data/processed_real/pairs_v2_train/noisy/speaker_acclivity_34210__acclivity__i-_045_transient_2_4p6.wav,data/processed_real/pairs_v2_train/noise_reference/speaker_acclivity_34210__acclivity__i-_045_transient_2_4p6.wav,transient,4.63970306900679
data/processed_real/pairs_v2_train/clean/speaker_corsicas_72001__corsica-s__el_000_nonstationary_0_10p1.wav,data/processed_real/pairs_v2_train/noisy/speaker_corsicas_72001__corsica-s__el_000_nonstationary_0_10p1.wav,data/processed_real/pairs_v2_train/noise_reference/speaker_corsicas_72001__corsica-s__el_000_nonstationary_0_10p1.wav,nonstationary,10.078692194380793
data/processed_real/pairs_v2_train/clean/speaker_corsicas_72001__corsica-s__el_000_transient_1_m7p4.wav,data/processed_real/pairs_v2_train/noisy/speaker_corsicas_72001__corsica-s__el_000_transient_1_m7p4.wav,data/processed_real/pairs_v2_train/noise_reference/speaker_corsicas_72001__corsica-s__el_000_transient_1_m7p4.wav,transient,-7.3750892778210195
data/processed_real/pairs_v2_train/clean/speaker_corsicas_72001__corsica-s__el_000_transient_2_12p9.wav,data/processed_real/pairs_v2_train/noisy/speaker_corsicas_72001__corsica-s__el_000_transient_2_12p9.wav,data/processed_real/pairs_v2_train/noise_reference/speaker_corsicas_72001__corsica-s__el_000_transient_2_12p9.wav,transient,12.937181374448702
data/processed_real/pairs_v2_train/clean/speaker_corsicas_72001__corsica-s__el_001_transient_0_m8p1.wav,data/processed_real/pairs_v2_train/noisy/speaker_corsicas_72001__corsica-s__el_001_transient_0_m8p1.wav,data/processed_real/pairs_v2_train/noise_reference/speaker_corsicas_72001__corsica-s__el_001_transient_0_m8p1.wav,transient,-8.141410718867869
data/processed_real/pairs_v2_train/clean/speaker_corsicas_72001__corsica-s__el_001_transient_1_10p0.wav,data/processed_real/pairs_v2_train/noisy/speaker_corsicas_72001__corsica-s__el_001_transient_1_10p0.wav,data/processed_real/pairs_v2_train/noise_reference/speaker_corsicas_72001__corsica-s__el_001_transient_1_10p0.wav,transient,10.049651682487173
data/processed_real/pairs_v2_train/clean/speaker_corsicas_72001__corsica-s__el_001_stationary_2_m8p4.wav,data/processed_real/pairs_v2_train/noisy/speaker_corsicas_72001__corsica-s__el_001_stationary_2_m8p4.wav,data/processed_real/pairs_v2_train/noise_reference/speaker_corsicas_72001__corsica-s__el_001_stationary_2_m8p4.wav,stationary,-8.426950687618739
data/processed_real/pairs_v2_train/clean/speaker_corsicas_72001__corsica-s__el_002_nonstationary_0_m5p6.wav,data/processed_real/pairs_v2_train/noisy/speaker_corsicas_72001__corsica-s__el_002_nonstationary_0_m5p6.wav,data/processed_real/pairs_v2_train/noise_reference/speaker_corsicas_72001__corsica-s__el_002_nonstationary_0_m5p6.wav,nonstationary,-5.594844703316367
data/processed_real/pairs_v2_train/clean/speaker_corsicas_72001__corsica-s__el_002_transient_1_7p0.wav,data/processed_real/pairs_v2_train/noisy/speaker_corsicas_72001__corsica-s__el_002_transient_1_7p0.wav,data/processed_real/pairs_v2_train/noise_reference/speaker_corsicas_72001__corsica-s__el_002_transient_1_7p0.wav,transient,7.0388221990344455
data/processed_real/pairs_v2_train/clean/speaker_corsicas_72001__corsica-s__el_002_nonstationary_2_0p5.wav,data/processed_real/pairs_v2_train/noisy/speaker_corsicas_72001__corsica-s__el_002_nonstationary_2_0p5.wav,data/processed_real/pairs_v2_train/noise_reference/speaker_corsicas_72001__corsica-s__el_002_nonstationary_2_0p5.wav,nonstationary,0.4801509959489163
data/processed_real/pairs_v2_train/clean/speaker_corsicas_72001__corsica-s__el_003_stationary_0_7p4.wav,data/processed_real/pairs_v2_train/noisy/speaker_corsicas_72001__corsica-s__el_003_stationary_0_7p4.wav,data/processed_real/pairs_v2_train/noise_reference/speaker_corsicas_72001__corsica-s__el_003_stationary_0_7p4.wav,stationary,7.4079126411569725
data/processed_real/pairs_v2_train/clean/speaker_corsicas_72001__corsica-s__el_003_nonstationary_1_9p9.wav,data/processed_real/pairs_v2_train/noisy/speaker_corsicas_72001__corsica-s__el_003_nonstationary_1_9p9.wav,data/processed_real/pairs_v2_train/noise_reference/speaker_corsicas_72001__corsica-s__el_003_nonstationary_1_9p9.wav,nonstationary,9.941571337190673
data/processed_real/pairs_v2_train/clean/speaker_corsicas_72001__corsica-s__el_003_stationary_2_10p2.wav,data/processed_real/pairs_v2_train/noisy/speaker_corsicas_72001__corsica-s__el_003_stationary_2_10p2.wav,data/processed_real/pairs_v2_train/noise_reference/speaker_corsicas_72001__corsica-s__el_003_stationary_2_10p2.wav,stationary,10.236113624359962
data/processed_real/pairs_v2_train/clean/speaker_corsicas_72001__corsica-s__el_004_transient_0_1p7.wav,data/processed_real/pairs_v2_train/noisy/speaker_corsicas_72001__corsica-s__el_004_transient_0_1p7.wav,data/processed_real/pairs_v2_train/noise_reference/speaker_corsicas_72001__corsica-s__el_004_transient_0_1p7.wav,transient,1.6526541963187125
data/processed_real/pairs_v2_train/clean/speaker_corsicas_72001__corsica-s__el_004_transient_1_m0p6.wav,data/processed_real/pairs_v2_train/noisy/speaker_corsicas_72001__corsica-s__el_004_transient_1_m0p6.wav,data/processed_real/pairs_v2_train/noise_reference/speaker_corsicas_72001__corsica-s__el_004_transient_1_m0p6.wav,transient,-0.6490184216198536
data/processed_real/pairs_v2_train/clean/speaker_corsicas_72001__corsica-s__el_004_transient_2_8p8.wav,data/processed_real/pairs_v2_train/noisy/speaker_corsicas_72001__corsica-s__el_004_transient_2_8p8.wav,data/processed_real/pairs_v2_train/noise_reference/speaker_corsicas_72001__corsica-s__el_004_transient_2_8p8.wav,transient,8.818346468328734
data/processed_real/pairs_v2_train/clean/speaker_corsicas_72001__corsica-s__el_005_stationary_0_11p6.wav,data/processed_real/pairs_v2_train/noisy/speaker_corsicas_72001__corsica-s__el_005_stationary_0_11p6.wav,data/processed_real/pairs_v2_train/noise_reference/speaker_corsicas_72001__corsica-s__el_005_stationary_0_11p6.wav,stationary,11.577164740002807
data/processed_real/pairs_v2_train/clean/speaker_corsicas_72001__corsica-s__el_005_nonstationary_1_m7p6.wav,data/processed_real/pairs_v2_train/noisy/speaker_corsicas_72001__corsica-s__el_005_nonstationary_1_m7p6.wav,data/processed_real/pairs_v2_train/noise_reference/speaker_corsicas_72001__corsica-s__el_005_nonstationary_1_m7p6.wav,nonstationary,-7.60431205845177
data/processed_real/pairs_v2_train/clean/speaker_corsicas_72001__corsica-s__el_005_nonstationary_2_7p9.wav,data/processed_real/pairs_v2_train/noisy/speaker_corsicas_72001__corsica-s__el_005_nonstationary_2_7p9.wav,data/processed_real/pairs_v2_train/noise_reference/speaker_corsicas_72001__corsica-s__el_005_nonstationary_2_7p9.wav,nonstationary,7.921302544892228
data/processed_real/pairs_v2_train/clean/speaker_corsicas_72001__corsica-s__el_006_stationary_0_m1p4.wav,data/processed_real/pairs_v2_train/noisy/speaker_corsicas_72001__corsica-s__el_006_stationary_0_m1p4.wav,data/processed_real/pairs_v2_train/noise_reference/speaker_corsicas_72001__corsica-s__el_006_stationary_0_m1p4.wav,stationary,-1.444741826365819
data/processed_real/pairs_v2_train/clean/speaker_corsicas_72001__corsica-s__el_006_transient_1_3p3.wav,data/processed_real/pairs_v2_train/noisy/speaker_corsicas_72001__corsica-s__el_006_transient_1_3p3.wav,data/processed_real/pairs_v2_train/noise_reference/speaker_corsicas_72001__corsica-s__el_006_transient_1_3p3.wav,transient,3.2552931938292176
data/processed_real/pairs_v2_train/clean/speaker_corsicas_72001__corsica-s__el_006_nonstationary_2_m6p6.wav,data/processed_real/pairs_v2_train/noisy/speaker_corsicas_72001__corsica-s__el_006_nonstationary_2_m6p6.wav,data/processed_real/pairs_v2_train/noise_reference/speaker_corsicas_72001__corsica-s__el_006_nonstationary_2_m6p6.wav,nonstationary,-6.6023708356926
data/processed_real/pairs_v2_train/clean/speaker_corsicas_72001__corsica-s__el_007_nonstationary_0_11p2.wav,data/processed_real/pairs_v2_train/noisy/speaker_corsicas_72001__corsica-s__el_007_nonstationary_0_11p2.wav,data/processed_real/pairs_v2_train/noise_reference/speaker_corsicas_72001__corsica-s__el_007_nonstationary_0_11p2.wav,nonstationary,11.177561440311628
data/processed_real/pairs_v2_train/clean/speaker_corsicas_72001__corsica-s__el_007_transient_1_5p2.wav,data/processed_real/pairs_v2_train/noisy/speaker_corsicas_72001__corsica-s__el_007_transient_1_5p2.wav,data/processed_real/pairs_v2_train/noise_reference/speaker_corsicas_72001__corsica-s__el_007_transient_1_5p2.wav,transient,5.152166574525975
data/processed_real/pairs_v2_train/clean/speaker_corsicas_72001__corsica-s__el_007_nonstationary_2_0p7.wav,data/processed_real/pairs_v2_train/noisy/speaker_corsicas_72001__corsica-s__el_007_nonstationary_2_0p7.wav,data/processed_real/pairs_v2_train/noise_reference/speaker_corsicas_72001__corsica-s__el_007_nonstationary_2_0p7.wav,nonstationary,0.6797882870869838
data/processed_real/pairs_v2_train/clean/speaker_corsicas_72001__corsica-s__el_008_nonstationary_0_m2p7.wav,data/processed_real/pairs_v2_train/noisy/speaker_corsicas_72001__corsica-s__el_008_nonstationary_0_m2p7.wav,data/processed_real/pairs_v2_train/noise_reference/speaker_corsicas_72001__corsica-s__el_008_nonstationary_0_m2p7.wav,nonstationary,-2.7444293474903345
data/processed_real/pairs_v2_train/clean/speaker_corsicas_72001__corsica-s__el_008_transient_1_8p4.wav,data/processed_real/pairs_v2_train/noisy/speaker_corsicas_72001__corsica-s__el_008_transient_1_8p4.wav,data/processed_real/pairs_v2_train/noise_reference/speaker_corsicas_72001__corsica-s__el_008_transient_1_8p4.wav,transient,8.420866534015921
data/processed_real/pairs_v2_train/clean/speaker_corsicas_72001__corsica-s__el_008_nonstationary_2_m2p2.wav,data/processed_real/pairs_v2_train/noisy/speaker_corsicas_72001__corsica-s__el_008_nonstationary_2_m2p2.wav,data/processed_real/pairs_v2_train/noise_reference/speaker_corsicas_72001__corsica-s__el_008_nonstationary_2_m2p2.wav,nonstationary,-2.1719145671371027
data/processed_real/pairs_v2_train/clean/speaker_corsicas_72001__corsica-s__el_009_stationary_0_13p8.wav,data/processed_real/pairs_v2_train/noisy/speaker_corsicas_72001__corsica-s__el_009_stationary_0_13p8.wav,data/processed_real/pairs_v2_train/noise_reference/speaker_corsicas_72001__corsica-s__el_009_stationary_0_13p8.wav,stationary,13.798370110243827
data/processed_real/pairs_v2_train/clean/speaker_corsicas_72001__corsica-s__el_009_nonstationary_1_4p7.wav,data/processed_real/pairs_v2_train/noisy/speaker_corsicas_72001__corsica-s__el_009_nonstationary_1_4p7.wav,data/processed_real/pairs_v2_train/noise_reference/speaker_corsicas_72001__corsica-s__el_009_nonstationary_1_4p7.wav,nonstationary,4.6821470271355885
data/processed_real/pairs_v2_train/clean/speaker_corsicas_72001__corsica-s__el_009_nonstationary_2_7p9.wav,data/processed_real/pairs_v2_train/noisy/speaker_corsicas_72001__corsica-s__el_009_nonstationary_2_7p9.wav,data/processed_real/pairs_v2_train/noise_reference/speaker_corsicas_72001__corsica-s__el_009_nonstationary_2_7p9.wav,nonstationary,7.8938685037772665
data/processed_real/pairs_v2_train/clean/speaker_corsicas_72001__corsica-s__el_010_stationary_0_m1p3.wav,data/processed_real/pairs_v2_train/noisy/speaker_corsicas_72001__corsica-s__el_010_stationary_0_m1p3.wav,data/processed_real/pairs_v2_train/noise_reference/speaker_corsicas_72001__corsica-s__el_010_stationary_0_m1p3.wav,stationary,-1.3297682307070335
data/processed_real/pairs_v2_train/clean/speaker_corsicas_72001__corsica-s__el_010_stationary_1_12p6.wav,data/processed_real/pairs_v2_train/noisy/speaker_corsicas_72001__corsica-s__el_010_stationary_1_12p6.wav,data/processed_real/pairs_v2_train/noise_reference/speaker_corsicas_72001__corsica-s__el_010_stationary_1_12p6.wav,stationary,12.605162429974452
data/processed_real/pairs_v2_train/clean/speaker_corsicas_72001__corsica-s__el_010_stationary_2_9p3.wav,data/processed_real/pairs_v2_train/noisy/speaker_corsicas_72001__corsica-s__el_010_stationary_2_9p3.wav,data/processed_real/pairs_v2_train/noise_reference/speaker_corsicas_72001__corsica-s__el_010_stationary_2_9p3.wav,stationary,9.302667129333397
data/processed_real/pairs_v2_train/clean/speaker_corsicas_72001__corsica-s__el_011_nonstationary_0_0p3.wav,data/processed_real/pairs_v2_train/noisy/speaker_corsicas_72001__corsica-s__el_011_nonstationary_0_0p3.wav,data/processed_real/pairs_v2_train/noise_reference/speaker_corsicas_72001__corsica-s__el_011_nonstationary_0_0p3.wav,nonstationary,0.31215460789396765
data/processed_real/pairs_v2_train/clean/speaker_corsicas_72001__corsica-s__el_011_stationary_1_12p1.wav,data/processed_real/pairs_v2_train/noisy/speaker_corsicas_72001__corsica-s__el_011_stationary_1_12p1.wav,data/processed_real/pairs_v2_train/noise_reference/speaker_corsicas_72001__corsica-s__el_011_stationary_1_12p1.wav,stationary,12.133518492539526
data/processed_real/pairs_v2_train/clean/speaker_corsicas_72001__corsica-s__el_011_nonstationary_2_m1p4.wav,data/processed_real/pairs_v2_train/noisy/speaker_corsicas_72001__corsica-s__el_011_nonstationary_2_m1p4.wav,data/processed_real/pairs_v2_train/noise_reference/speaker_corsicas_72001__corsica-s__el_011_nonstationary_2_m1p4.wav,nonstationary,-1.3705976471781618
data/processed_real/pairs_v2_train/clean/speaker_corsicas_72001__corsica-s__el_012_transient_0_5p1.wav,data/processed_real/pairs_v2_train/noisy/speaker_corsicas_72001__corsica-s__el_012_transient_0_5p1.wav,data/processed_real/pairs_v2_train/noise_reference/speaker_corsicas_72001__corsica-s__el_012_transient_0_5p1.wav,transient,5.0871231894589535
data/processed_real/pairs_v2_train/clean/speaker_corsicas_72001__corsica-s__el_012_nonstationary_1_4p0.wav,data/processed_real/pairs_v2_train/noisy/speaker_corsicas_72001__corsica-s__el_012_nonstationary_1_4p0.wav,data/processed_real/pairs_v2_train/noise_reference/speaker_corsicas_72001__corsica-s__el_012_nonstationary_1_4p0.wav,nonstationary,4.043518213104495
data/processed_real/pairs_v2_train/clean/speaker_corsicas_72001__corsica-s__el_012_nonstationary_2_m8p3.wav,data/processed_real/pairs_v2_train/noisy/speaker_corsicas_72001__corsica-s__el_012_nonstationary_2_m8p3.wav,data/processed_real/pairs_v2_train/noise_reference/speaker_corsicas_72001__corsica-s__el_012_nonstationary_2_m8p3.wav,nonstationary,-8.292732179804396
data/processed_real/pairs_v2_train/clean/speaker_corsicas_72001__corsica-s__el_013_stationary_0_1p0.wav,data/processed_real/pairs_v2_train/noisy/speaker_corsicas_72001__corsica-s__el_013_stationary_0_1p0.wav,data/processed_real/pairs_v2_train/noise_reference/speaker_corsicas_72001__corsica-s__el_013_stationary_0_1p0.wav,stationary,1.0350347313152959
data/processed_real/pairs_v2_train/clean/speaker_corsicas_72001__corsica-s__el_013_nonstationary_1_13p2.wav,data/processed_real/pairs_v2_train/noisy/speaker_corsicas_72001__corsica-s__el_013_nonstationary_1_13p2.wav,data/processed_real/pairs_v2_train/noise_reference/speaker_corsicas_72001__corsica-s__el_013_nonstationary_1_13p2.wav,nonstationary,13.19747529353279
data/processed_real/pairs_v2_train/clean/speaker_corsicas_72001__corsica-s__el_013_transient_2_6p1.wav,data/processed_real/pairs_v2_train/noisy/speaker_corsicas_72001__corsica-s__el_013_transient_2_6p1.wav,data/processed_real/pairs_v2_train/noise_reference/speaker_corsicas_72001__corsica-s__el_013_transient_2_6p1.wav,transient,6.100170279929909
data/processed_real/pairs_v2_train/clean/speaker_corsicas_72001__corsica-s__el_014_transient_0_6p7.wav,data/processed_real/pairs_v2_train/noisy/speaker_corsicas_72001__corsica-s__el_014_transient_0_6p7.wav,data/processed_real/pairs_v2_train/noise_reference/speaker_corsicas_72001__corsica-s__el_014_transient_0_6p7.wav,transient,6.737805009520404
data/processed_real/pairs_v2_train/clean/speaker_corsicas_72001__corsica-s__el_014_nonstationary_1_4p1.wav,data/processed_real/pairs_v2_train/noisy/speaker_corsicas_72001__corsica-s__el_014_nonstationary_1_4p1.wav,data/processed_real/pairs_v2_train/noise_reference/speaker_corsicas_72001__corsica-s__el_014_nonstationary_1_4p1.wav,nonstationary,4.111413546868842
data/processed_real/pairs_v2_train/clean/speaker_corsicas_72001__corsica-s__el_014_nonstationary_2_5p3.wav,data/processed_real/pairs_v2_train/noisy/speaker_corsicas_72001__corsica-s__el_014_nonstationary_2_5p3.wav,data/processed_real/pairs_v2_train/noise_reference/speaker_corsicas_72001__corsica-s__el_014_nonstationary_2_5p3.wav,nonstationary,5.3379944262756815
data/processed_real/pairs_v2_train/clean/speaker_corsicas_72001__corsica-s__el_015_nonstationary_0_11p9.wav,data/processed_real/pairs_v2_train/noisy/speaker_corsicas_72001__corsica-s__el_015_nonstationary_0_11p9.wav,data/processed_real/pairs_v2_train/noise_reference/speaker_corsicas_72001__corsica-s__el_015_nonstationary_0_11p9.wav,nonstationary,11.882778767364293
data/processed_real/pairs_v2_train/clean/speaker_corsicas_72001__corsica-s__el_015_nonstationary_1_6p4.wav,data/processed_real/pairs_v2_train/noisy/speaker_corsicas_72001__corsica-s__el_015_nonstationary_1_6p4.wav,data/processed_real/pairs_v2_train/noise_reference/speaker_corsicas_72001__corsica-s__el_015_nonstationary_1_6p4.wav,nonstationary,6.35085248406639
data/processed_real/pairs_v2_train/clean/speaker_corsicas_72001__corsica-s__el_015_transient_2_m0p2.wav,data/processed_real/pairs_v2_train/noisy/speaker_corsicas_72001__corsica-s__el_015_transient_2_m0p2.wav,data/processed_real/pairs_v2_train/noise_reference/speaker_corsicas_72001__corsica-s__el_015_transient_2_m0p2.wav,transient,-0.2304952283519448
data/processed_real/pairs_v2_train/clean/speaker_corsicas_72001__corsica-s__el_016_transient_0_7p3.wav,data/processed_real/pairs_v2_train/noisy/speaker_corsicas_72001__corsica-s__el_016_transient_0_7p3.wav,data/processed_real/pairs_v2_train/noise_reference/speaker_corsicas_72001__corsica-s__el_016_transient_0_7p3.wav,transient,7.273408863319979
data/processed_real/pairs_v2_train/clean/speaker_corsicas_72001__corsica-s__el_016_stationary_1_m0p0.wav,data/processed_real/pairs_v2_train/noisy/speaker_corsicas_72001__corsica-s__el_016_stationary_1_m0p0.wav,data/processed_real/pairs_v2_train/noise_reference/speaker_corsicas_72001__corsica-s__el_016_stationary_1_m0p0.wav,stationary,-0.0110364246297312
data/processed_real/pairs_v2_train/clean/speaker_corsicas_72001__corsica-s__el_016_nonstationary_2_4p0.wav,data/processed_real/pairs_v2_train/noisy/speaker_corsicas_72001__corsica-s__el_016_nonstationary_2_4p0.wav,data/processed_real/pairs_v2_train/noise_reference/speaker_corsicas_72001__corsica-s__el_016_nonstationary_2_4p0.wav,nonstationary,4.0108285156343655
data/processed_real/pairs_v2_train/clean/speaker_corsicas_72001__corsica-s__el_017_nonstationary_0_10p6.wav,data/processed_real/pairs_v2_train/noisy/speaker_corsicas_72001__corsica-s__el_017_nonstationary_0_10p6.wav,data/processed_real/pairs_v2_train/noise_reference/speaker_corsicas_72001__corsica-s__el_017_nonstationary_0_10p6.wav,nonstationary,10.638680991459328
data/processed_real/pairs_v2_train/clean/speaker_corsicas_72001__corsica-s__el_017_transient_1_0p1.wav,data/processed_real/pairs_v2_train/noisy/speaker_corsicas_72001__corsica-s__el_017_transient_1_0p1.wav,data/processed_real/pairs_v2_train/noise_reference/speaker_corsicas_72001__corsica-s__el_017_transient_1_0p1.wav,transient,0.1434025511308512
data/processed_real/pairs_v2_train/clean/speaker_corsicas_72001__corsica-s__el_017_stationary_2_11p7.wav,data/processed_real/pairs_v2_train/noisy/speaker_corsicas_72001__corsica-s__el_017_stationary_2_11p7.wav,data/processed_real/pairs_v2_train/noise_reference/speaker_corsicas_72001__corsica-s__el_017_stationary_2_11p7.wav,stationary,11.665609775825654
data/processed_real/pairs_v2_train/clean/speaker_corsicas_72001__corsica-s__el_018_stationary_0_m4p8.wav,data/processed_real/pairs_v2_train/noisy/speaker_corsicas_72001__corsica-s__el_018_stationary_0_m4p8.wav,data/processed_real/pairs_v2_train/noise_reference/speaker_corsicas_72001__corsica-s__el_018_stationary_0_m4p8.wav,stationary,-4.787445367157774
data/processed_real/pairs_v2_train/clean/speaker_corsicas_72001__corsica-s__el_018_stationary_1_m6p7.wav,data/processed_real/pairs_v2_train/noisy/speaker_corsicas_72001__corsica-s__el_018_stationary_1_m6p7.wav,data/processed_real/pairs_v2_train/noise_reference/speaker_corsicas_72001__corsica-s__el_018_stationary_1_m6p7.wav,stationary,-6.656631892955075
data/processed_real/pairs_v2_train/clean/speaker_corsicas_72001__corsica-s__el_018_nonstationary_2_5p8.wav,data/processed_real/pairs_v2_train/noisy/speaker_corsicas_72001__corsica-s__el_018_nonstationary_2_5p8.wav,data/processed_real/pairs_v2_train/noise_reference/speaker_corsicas_72001__corsica-s__el_018_nonstationary_2_5p8.wav,nonstationary,5.776904730135186
data/processed_real/pairs_v2_train/clean/speaker_corsicas_72001__corsica-s__el_019_stationary_0_0p4.wav,data/processed_real/pairs_v2_train/noisy/speaker_corsicas_72001__corsica-s__el_019_stationary_0_0p4.wav,data/processed_real/pairs_v2_train/noise_reference/speaker_corsicas_72001__corsica-s__el_019_stationary_0_0p4.wav,stationary,0.37456536137506014
data/processed_real/pairs_v2_train/clean/speaker_corsicas_72001__corsica-s__el_019_stationary_1_6p3.wav,data/processed_real/pairs_v2_train/noisy/speaker_corsicas_72001__corsica-s__el_019_stationary_1_6p3.wav,data/processed_real/pairs_v2_train/noise_reference/speaker_corsicas_72001__corsica-s__el_019_stationary_1_6p3.wav,stationary,6.306305212611509
data/processed_real/pairs_v2_train/clean/speaker_corsicas_72001__corsica-s__el_019_stationary_2_14p8.wav,data/processed_real/pairs_v2_train/noisy/speaker_corsicas_72001__corsica-s__el_019_stationary_2_14p8.wav,data/processed_real/pairs_v2_train/noise_reference/speaker_corsicas_72001__corsica-s__el_019_stationary_2_14p8.wav,stationary,14.760976671902196
data/processed_real/pairs_v2_train/clean/speaker_corsicas_72001__corsica-s__el_020_nonstationary_0_m4p6.wav,data/processed_real/pairs_v2_train/noisy/speaker_corsicas_72001__corsica-s__el_020_nonstationary_0_m4p6.wav,data/processed_real/pairs_v2_train/noise_reference/speaker_corsicas_72001__corsica-s__el_020_nonstationary_0_m4p6.wav,nonstationary,-4.636578561074305
data/processed_real/pairs_v2_train/clean/speaker_corsicas_72001__corsica-s__el_020_nonstationary_1_14p0.wav,data/processed_real/pairs_v2_train/noisy/speaker_corsicas_72001__corsica-s__el_020_nonstationary_1_14p0.wav,data/processed_real/pairs_v2_train/noise_reference/speaker_corsicas_72001__corsica-s__el_020_nonstationary_1_14p0.wav,nonstationary,13.957273254884175
data/processed_real/pairs_v2_train/clean/speaker_corsicas_72001__corsica-s__el_020_nonstationary_2_m8p1.wav,data/processed_real/pairs_v2_train/noisy/speaker_corsicas_72001__corsica-s__el_020_nonstationary_2_m8p1.wav,data/processed_real/pairs_v2_train/noise_reference/speaker_corsicas_72001__corsica-s__el_020_nonstationary_2_m8p1.wav,nonstationary,-8.056923255873063
data/processed_real/pairs_v2_train/clean/speaker_corsicas_72001__corsica-s__el_021_transient_0_4p0.wav,data/processed_real/pairs_v2_train/noisy/speaker_corsicas_72001__corsica-s__el_021_transient_0_4p0.wav,data/processed_real/pairs_v2_train/noise_reference/speaker_corsicas_72001__corsica-s__el_021_transient_0_4p0.wav,transient,4.002695066379287
data/processed_real/pairs_v2_train/clean/speaker_corsicas_72001__corsica-s__el_021_transient_1_1p9.wav,data/processed_real/pairs_v2_train/noisy/speaker_corsicas_72001__corsica-s__el_021_transient_1_1p9.wav,data/processed_real/pairs_v2_train/noise_reference/speaker_corsicas_72001__corsica-s__el_021_transient_1_1p9.wav,transient,1.8718604852617062
data/processed_real/pairs_v2_train/clean/speaker_corsicas_72001__corsica-s__el_021_stationary_2_3p7.wav,data/processed_real/pairs_v2_train/noisy/speaker_corsicas_72001__corsica-s__el_021_stationary_2_3p7.wav,data/processed_real/pairs_v2_train/noise_reference/speaker_corsicas_72001__corsica-s__el_021_stationary_2_3p7.wav,stationary,3.6629884143235234
data/processed_real/pairs_v2_train/clean/speaker_corsicas_72001__corsica-s__el_022_stationary_0_3p1.wav,data/processed_real/pairs_v2_train/noisy/speaker_corsicas_72001__corsica-s__el_022_stationary_0_3p1.wav,data/processed_real/pairs_v2_train/noise_reference/speaker_corsicas_72001__corsica-s__el_022_stationary_0_3p1.wav,stationary,3.123880727688766
data/processed_real/pairs_v2_train/clean/speaker_corsicas_72001__corsica-s__el_022_transient_1_13p2.wav,data/processed_real/pairs_v2_train/noisy/speaker_corsicas_72001__corsica-s__el_022_transient_1_13p2.wav,data/processed_real/pairs_v2_train/noise_reference/speaker_corsicas_72001__corsica-s__el_022_transient_1_13p2.wav,transient,13.217806704147218
data/processed_real/pairs_v2_train/clean/speaker_corsicas_72001__corsica-s__el_022_transient_2_m8p0.wav,data/processed_real/pairs_v2_train/noisy/speaker_corsicas_72001__corsica-s__el_022_transient_2_m8p0.wav,data/processed_real/pairs_v2_train/noise_reference/speaker_corsicas_72001__corsica-s__el_022_transient_2_m8p0.wav,transient,-8.015568258199682
data/processed_real/pairs_v2_train/clean/speaker_corsicas_72001__corsica-s__el_023_stationary_0_12p9.wav,data/processed_real/pairs_v2_train/noisy/speaker_corsicas_72001__corsica-s__el_023_stationary_0_12p9.wav,data/processed_real/pairs_v2_train/noise_reference/speaker_corsicas_72001__corsica-s__el_023_stationary_0_12p9.wav,stationary,12.888108952074294
data/processed_real/pairs_v2_train/clean/speaker_corsicas_72001__corsica-s__el_023_transient_1_m9p6.wav,data/processed_real/pairs_v2_train/noisy/speaker_corsicas_72001__corsica-s__el_023_transient_1_m9p6.wav,data/processed_real/pairs_v2_train/noise_reference/speaker_corsicas_72001__corsica-s__el_023_transient_1_m9p6.wav,transient,-9.630862535812408
data/processed_real/pairs_v2_train/clean/speaker_corsicas_72001__corsica-s__el_023_stationary_2_m5p1.wav,data/processed_real/pairs_v2_train/noisy/speaker_corsicas_72001__corsica-s__el_023_stationary_2_m5p1.wav,data/processed_real/pairs_v2_train/noise_reference/speaker_corsicas_72001__corsica-s__el_023_stationary_2_m5p1.wav,stationary,-5.059939185942483
data/processed_real/pairs_v2_train/clean/speaker_corsicas_72001__corsica-s__el_024_nonstationary_0_1p0.wav,data/processed_real/pairs_v2_train/noisy/speaker_corsicas_72001__corsica-s__el_024_nonstationary_0_1p0.wav,data/processed_real/pairs_v2_train/noise_reference/speaker_corsicas_72001__corsica-s__el_024_nonstationary_0_1p0.wav,nonstationary,0.9769223574602446
data/processed_real/pairs_v2_train/clean/speaker_corsicas_72001__corsica-s__el_024_nonstationary_1_m6p8.wav,data/processed_real/pairs_v2_train/noisy/speaker_corsicas_72001__corsica-s__el_024_nonstationary_1_m6p8.wav,data/processed_real/pairs_v2_train/noise_reference/speaker_corsicas_72001__corsica-s__el_024_nonstationary_1_m6p8.wav,nonstationary,-6.821811556263321
data/processed_real/pairs_v2_train/clean/speaker_corsicas_72001__corsica-s__el_024_transient_2_m6p1.wav,data/processed_real/pairs_v2_train/noisy/speaker_corsicas_72001__corsica-s__el_024_transient_2_m6p1.wav,data/processed_real/pairs_v2_train/noise_reference/speaker_corsicas_72001__corsica-s__el_024_transient_2_m6p1.wav,transient,-6.141700761317117
data/processed_real/pairs_v2_train/clean/speaker_corsicas_72001__corsica-s__el_025_nonstationary_0_m10p0.wav,data/processed_real/pairs_v2_train/noisy/speaker_corsicas_72001__corsica-s__el_025_nonstationary_0_m10p0.wav,data/processed_real/pairs_v2_train/noise_reference/speaker_corsicas_72001__corsica-s__el_025_nonstationary_0_m10p0.wav,nonstationary,-9.972471865066806
data/processed_real/pairs_v2_train/clean/speaker_corsicas_72001__corsica-s__el_025_transient_1_m4p1.wav,data/processed_real/pairs_v2_train/noisy/speaker_corsicas_72001__corsica-s__el_025_transient_1_m4p1.wav,data/processed_real/pairs_v2_train/noise_reference/speaker_corsicas_72001__corsica-s__el_025_transient_1_m4p1.wav,transient,-4.061787413802908
data/processed_real/pairs_v2_train/clean/speaker_corsicas_72001__corsica-s__el_025_stationary_2_m4p0.wav,data/processed_real/pairs_v2_train/noisy/speaker_corsicas_72001__corsica-s__el_025_stationary_2_m4p0.wav,data/processed_real/pairs_v2_train/noise_reference/speaker_corsicas_72001__corsica-s__el_025_stationary_2_m4p0.wav,stationary,-4.036000811577586
data/processed_real/pairs_v2_train/clean/speaker_corsicas_72001__corsica-s__el_026_stationary_0_11p5.wav,data/processed_real/pairs_v2_train/noisy/speaker_corsicas_72001__corsica-s__el_026_stationary_0_11p5.wav,data/processed_real/pairs_v2_train/noise_reference/speaker_corsicas_72001__corsica-s__el_026_stationary_0_11p5.wav,stationary,11.46069412999315
data/processed_real/pairs_v2_train/clean/speaker_corsicas_72001__corsica-s__el_026_transient_1_m2p7.wav,data/processed_real/pairs_v2_train/noisy/speaker_corsicas_72001__corsica-s__el_026_transient_1_m2p7.wav,data/processed_real/pairs_v2_train/noise_reference/speaker_corsicas_72001__corsica-s__el_026_transient_1_m2p7.wav,transient,-2.749315675847221
data/processed_real/pairs_v2_train/clean/speaker_corsicas_72001__corsica-s__el_026_transient_2_12p3.wav,data/processed_real/pairs_v2_train/noisy/speaker_corsicas_72001__corsica-s__el_026_transient_2_12p3.wav,data/processed_real/pairs_v2_train/noise_reference/speaker_corsicas_72001__corsica-s__el_026_transient_2_12p3.wav,transient,12.3452922765509
data/processed_real/pairs_v2_train/clean/speaker_corsicas_72001__corsica-s__el_027_nonstationary_0_8p1.wav,data/processed_real/pairs_v2_train/noisy/speaker_corsicas_72001__corsica-s__el_027_nonstationary_0_8p1.wav,data/processed_real/pairs_v2_train/noise_reference/speaker_corsicas_72001__corsica-s__el_027_nonstationary_0_8p1.wav,nonstationary,8.124307181856654
data/processed_real/pairs_v2_train/clean/speaker_corsicas_72001__corsica-s__el_027_stationary_1_m3p9.wav,data/processed_real/pairs_v2_train/noisy/speaker_corsicas_72001__corsica-s__el_027_stationary_1_m3p9.wav,data/processed_real/pairs_v2_train/noise_reference/speaker_corsicas_72001__corsica-s__el_027_stationary_1_m3p9.wav,stationary,-3.861688114088116
data/processed_real/pairs_v2_train/clean/speaker_corsicas_72001__corsica-s__el_027_transient_2_13p2.wav,data/processed_real/pairs_v2_train/noisy/speaker_corsicas_72001__corsica-s__el_027_transient_2_13p2.wav,data/processed_real/pairs_v2_train/noise_reference/speaker_corsicas_72001__corsica-s__el_027_transient_2_13p2.wav,transient,13.15842067336477
data/processed_real/pairs_v2_train/clean/speaker_corsicas_72001__corsica-s__el_028_stationary_0_12p3.wav,data/processed_real/pairs_v2_train/noisy/speaker_corsicas_72001__corsica-s__el_028_stationary_0_12p3.wav,data/processed_real/pairs_v2_train/noise_reference/speaker_corsicas_72001__corsica-s__el_028_stationary_0_12p3.wav,stationary,12.292170332763426
data/processed_real/pairs_v2_train/clean/speaker_corsicas_72001__corsica-s__el_028_nonstationary_1_5p6.wav,data/processed_real/pairs_v2_train/noisy/speaker_corsicas_72001__corsica-s__el_028_nonstationary_1_5p6.wav,data/processed_real/pairs_v2_train/noise_reference/speaker_corsicas_72001__corsica-s__el_028_nonstationary_1_5p6.wav,nonstationary,5.5929184088409425
data/processed_real/pairs_v2_train/clean/speaker_corsicas_72001__corsica-s__el_028_transient_2_m3p2.wav,data/processed_real/pairs_v2_train/noisy/speaker_corsicas_72001__corsica-s__el_028_transient_2_m3p2.wav,data/processed_real/pairs_v2_train/noise_reference/speaker_corsicas_72001__corsica-s__el_028_transient_2_m3p2.wav,transient,-3.203275278188441
data/processed_real/pairs_v2_train/clean/speaker_corsicas_72001__corsica-s__el_029_transient_0_5p7.wav,data/processed_real/pairs_v2_train/noisy/speaker_corsicas_72001__corsica-s__el_029_transient_0_5p7.wav,data/processed_real/pairs_v2_train/noise_reference/speaker_corsicas_72001__corsica-s__el_029_transient_0_5p7.wav,transient,5.664228229433498
data/processed_real/pairs_v2_train/clean/speaker_corsicas_72001__corsica-s__el_029_stationary_1_3p3.wav,data/processed_real/pairs_v2_train/noisy/speaker_corsicas_72001__corsica-s__el_029_stationary_1_3p3.wav,data/processed_real/pairs_v2_train/noise_reference/speaker_corsicas_72001__corsica-s__el_029_stationary_1_3p3.wav,stationary,3.344843650227375
data/processed_real/pairs_v2_train/clean/speaker_corsicas_72001__corsica-s__el_029_nonstationary_2_8p9.wav,data/processed_real/pairs_v2_train/noisy/speaker_corsicas_72001__corsica-s__el_029_nonstationary_2_8p9.wav,data/processed_real/pairs_v2_train/noise_reference/speaker_corsicas_72001__corsica-s__el_029_nonstationary_2_8p9.wav,nonstationary,8.865316154231191
data/processed_real/pairs_v2_train/clean/speaker_corsicas_72001__corsica-s__el_030_stationary_0_m0p9.wav,data/processed_real/pairs_v2_train/noisy/speaker_corsicas_72001__corsica-s__el_030_stationary_0_m0p9.wav,data/processed_real/pairs_v2_train/noise_reference/speaker_corsicas_72001__corsica-s__el_030_stationary_0_m0p9.wav,stationary,-0.8515667579043331
data/processed_real/pairs_v2_train/clean/speaker_corsicas_72001__corsica-s__el_030_nonstationary_1_6p9.wav,data/processed_real/pairs_v2_train/noisy/speaker_corsicas_72001__corsica-s__el_030_nonstationary_1_6p9.wav,data/processed_real/pairs_v2_train/noise_reference/speaker_corsicas_72001__corsica-s__el_030_nonstationary_1_6p9.wav,nonstationary,6.864783364065804
data/processed_real/pairs_v2_train/clean/speaker_corsicas_72001__corsica-s__el_030_nonstationary_2_1p7.wav,data/processed_real/pairs_v2_train/noisy/speaker_corsicas_72001__corsica-s__el_030_nonstationary_2_1p7.wav,data/processed_real/pairs_v2_train/noise_reference/speaker_corsicas_72001__corsica-s__el_030_nonstationary_2_1p7.wav,nonstationary,1.6506983947505631
data/processed_real/pairs_v2_train/clean/speaker_corsicas_72001__corsica-s__el_031_stationary_0_6p1.wav,data/processed_real/pairs_v2_train/noisy/speaker_corsicas_72001__corsica-s__el_031_stationary_0_6p1.wav,data/processed_real/pairs_v2_train/noise_reference/speaker_corsicas_72001__corsica-s__el_031_stationary_0_6p1.wav,stationary,6.096292616416729
data/processed_real/pairs_v2_train/clean/speaker_corsicas_72001__corsica-s__el_031_transient_1_5p6.wav,data/processed_real/pairs_v2_train/noisy/speaker_corsicas_72001__corsica-s__el_031_transient_1_5p6.wav,data/processed_real/pairs_v2_train/noise_reference/speaker_corsicas_72001__corsica-s__el_031_transient_1_5p6.wav,transient,5.62718752598402
data/processed_real/pairs_v2_train/clean/speaker_corsicas_72001__corsica-s__el_031_transient_2_5p8.wav,data/processed_real/pairs_v2_train/noisy/speaker_corsicas_72001__corsica-s__el_031_transient_2_5p8.wav,data/processed_real/pairs_v2_train/noise_reference/speaker_corsicas_72001__corsica-s__el_031_transient_2_5p8.wav,transient,5.760678866561644
data/processed_real/pairs_v2_train/clean/speaker_corsicas_72001__corsica-s__el_032_stationary_0_13p4.wav,data/processed_real/pairs_v2_train/noisy/speaker_corsicas_72001__corsica-s__el_032_stationary_0_13p4.wav,data/processed_real/pairs_v2_train/noise_reference/speaker_corsicas_72001__corsica-s__el_032_stationary_0_13p4.wav,stationary,13.411060337081881
data/processed_real/pairs_v2_train/clean/speaker_corsicas_72001__corsica-s__el_032_transient_1_m9p9.wav,data/processed_real/pairs_v2_train/noisy/speaker_corsicas_72001__corsica-s__el_032_transient_1_m9p9.wav,data/processed_real/pairs_v2_train/noise_reference/speaker_corsicas_72001__corsica-s__el_032_transient_1_m9p9.wav,transient,-9.884390486307195
data/processed_real/pairs_v2_train/clean/speaker_corsicas_72001__corsica-s__el_032_transient_2_2p4.wav,data/processed_real/pairs_v2_train/noisy/speaker_corsicas_72001__corsica-s__el_032_transient_2_2p4.wav,data/processed_real/pairs_v2_train/noise_reference/speaker_corsicas_72001__corsica-s__el_032_transient_2_2p4.wav,transient,2.3890389755487753
data/processed_real/pairs_v2_train/clean/speaker_corsicas_72001__corsica-s__el_033_nonstationary_0_11p2.wav,data/processed_real/pairs_v2_train/noisy/speaker_corsicas_72001__corsica-s__el_033_nonstationary_0_11p2.wav,data/processed_real/pairs_v2_train/noise_reference/speaker_corsicas_72001__corsica-s__el_033_nonstationary_0_11p2.wav,nonstationary,11.239385545797187
data/processed_real/pairs_v2_train/clean/speaker_corsicas_72001__corsica-s__el_033_transient_1_11p8.wav,data/processed_real/pairs_v2_train/noisy/speaker_corsicas_72001__corsica-s__el_033_transient_1_11p8.wav,data/processed_real/pairs_v2_train/noise_reference/speaker_corsicas_72001__corsica-s__el_033_transient_1_11p8.wav,transient,11.82257567227525
data/processed_real/pairs_v2_train/clean/speaker_corsicas_72001__corsica-s__el_033_nonstationary_2_5p8.wav,data/processed_real/pairs_v2_train/noisy/speaker_corsicas_72001__corsica-s__el_033_nonstationary_2_5p8.wav,data/processed_real/pairs_v2_train/noise_reference/speaker_corsicas_72001__corsica-s__el_033_nonstationary_2_5p8.wav,nonstationary,5.763618509473382
data/processed_real/pairs_v2_train/clean/speaker_corsicas_72001__corsica-s__el_034_stationary_0_m0p6.wav,data/processed_real/pairs_v2_train/noisy/speaker_corsicas_72001__corsica-s__el_034_stationary_0_m0p6.wav,data/processed_real/pairs_v2_train/noise_reference/speaker_corsicas_72001__corsica-s__el_034_stationary_0_m0p6.wav,stationary,-0.6038664418987025
data/processed_real/pairs_v2_train/clean/speaker_corsicas_72001__corsica-s__el_034_nonstationary_1_m7p3.wav,data/processed_real/pairs_v2_train/noisy/speaker_corsicas_72001__corsica-s__el_034_nonstationary_1_m7p3.wav,data/processed_real/pairs_v2_train/noise_reference/speaker_corsicas_72001__corsica-s__el_034_nonstationary_1_m7p3.wav,nonstationary,-7.306968104014577
data/processed_real/pairs_v2_train/clean/speaker_corsicas_72001__corsica-s__el_034_transient_2_6p0.wav,data/processed_real/pairs_v2_train/noisy/speaker_corsicas_72001__corsica-s__el_034_transient_2_6p0.wav,data/processed_real/pairs_v2_train/noise_reference/speaker_corsicas_72001__corsica-s__el_034_transient_2_6p0.wav,transient,5.991495368579647
data/processed_real/pairs_v2_train/clean/speaker_corsicas_72001__corsica-s__el_035_transient_0_m9p2.wav,data/processed_real/pairs_v2_train/noisy/speaker_corsicas_72001__corsica-s__el_035_transient_0_m9p2.wav,data/processed_real/pairs_v2_train/noise_reference/speaker_corsicas_72001__corsica-s__el_035_transient_0_m9p2.wav,transient,-9.15416578222301
data/processed_real/pairs_v2_train/clean/speaker_corsicas_72001__corsica-s__el_035_nonstationary_1_6p2.wav,data/processed_real/pairs_v2_train/noisy/speaker_corsicas_72001__corsica-s__el_035_nonstationary_1_6p2.wav,data/processed_real/pairs_v2_train/noise_reference/speaker_corsicas_72001__corsica-s__el_035_nonstationary_1_6p2.wav,nonstationary,6.1537897522763245
data/processed_real/pairs_v2_train/clean/speaker_corsicas_72001__corsica-s__el_035_transient_2_13p7.wav,data/processed_real/pairs_v2_train/noisy/speaker_corsicas_72001__corsica-s__el_035_transient_2_13p7.wav,data/processed_real/pairs_v2_train/noise_reference/speaker_corsicas_72001__corsica-s__el_035_transient_2_13p7.wav,transient,13.66276174320117
data/processed_real/pairs_v2_train/clean/speaker_corsicas_72001__corsica-s__el_036_nonstationary_0_3p7.wav,data/processed_real/pairs_v2_train/noisy/speaker_corsicas_72001__corsica-s__el_036_nonstationary_0_3p7.wav,data/processed_real/pairs_v2_train/noise_reference/speaker_corsicas_72001__corsica-s__el_036_nonstationary_0_3p7.wav,nonstationary,3.682786450748832
data/processed_real/pairs_v2_train/clean/speaker_corsicas_72001__corsica-s__el_036_transient_1_5p8.wav,data/processed_real/pairs_v2_train/noisy/speaker_corsicas_72001__corsica-s__el_036_transient_1_5p8.wav,data/processed_real/pairs_v2_train/noise_reference/speaker_corsicas_72001__corsica-s__el_036_transient_1_5p8.wav,transient,5.841608579788804
data/processed_real/pairs_v2_train/clean/speaker_corsicas_72001__corsica-s__el_036_nonstationary_2_8p2.wav,data/processed_real/pairs_v2_train/noisy/speaker_corsicas_72001__corsica-s__el_036_nonstationary_2_8p2.wav,data/processed_real/pairs_v2_train/noise_reference/speaker_corsicas_72001__corsica-s__el_036_nonstationary_2_8p2.wav,nonstationary,8.216853537945248
data/processed_real/pairs_v2_train/clean/speaker_corsicas_72001__corsica-s__el_037_nonstationary_0_2p6.wav,data/processed_real/pairs_v2_train/noisy/speaker_corsicas_72001__corsica-s__el_037_nonstationary_0_2p6.wav,data/processed_real/pairs_v2_train/noise_reference/speaker_corsicas_72001__corsica-s__el_037_nonstationary_0_2p6.wav,nonstationary,2.5899598483202695
data/processed_real/pairs_v2_train/clean/speaker_corsicas_72001__corsica-s__el_037_nonstationary_1_m5p2.wav,data/processed_real/pairs_v2_train/noisy/speaker_corsicas_72001__corsica-s__el_037_nonstationary_1_m5p2.wav,data/processed_real/pairs_v2_train/noise_reference/speaker_corsicas_72001__corsica-s__el_037_nonstationary_1_m5p2.wav,nonstationary,-5.213924646114256
data/processed_real/pairs_v2_train/clean/speaker_corsicas_72001__corsica-s__el_037_stationary_2_12p9.wav,data/processed_real/pairs_v2_train/noisy/speaker_corsicas_72001__corsica-s__el_037_stationary_2_12p9.wav,data/processed_real/pairs_v2_train/noise_reference/speaker_corsicas_72001__corsica-s__el_037_stationary_2_12p9.wav,stationary,12.855204006713752
data/processed_real/pairs_v2_train/clean/speaker_corsicas_72001__corsica-s__el_038_nonstationary_0_m3p2.wav,data/processed_real/pairs_v2_train/noisy/speaker_corsicas_72001__corsica-s__el_038_nonstationary_0_m3p2.wav,data/processed_real/pairs_v2_train/noise_reference/speaker_corsicas_72001__corsica-s__el_038_nonstationary_0_m3p2.wav,nonstationary,-3.1616017082033068
data/processed_real/pairs_v2_train/clean/speaker_corsicas_72001__corsica-s__el_038_stationary_1_4p9.wav,data/processed_real/pairs_v2_train/noisy/speaker_corsicas_72001__corsica-s__el_038_stationary_1_4p9.wav,data/processed_real/pairs_v2_train/noise_reference/speaker_corsicas_72001__corsica-s__el_038_stationary_1_4p9.wav,stationary,4.926113681025122
data/processed_real/pairs_v2_train/clean/speaker_corsicas_72001__corsica-s__el_038_transient_2_m3p1.wav,data/processed_real/pairs_v2_train/noisy/speaker_corsicas_72001__corsica-s__el_038_transient_2_m3p1.wav,data/processed_real/pairs_v2_train/noise_reference/speaker_corsicas_72001__corsica-s__el_038_transient_2_m3p1.wav,transient,-3.101263077064078
data/processed_real/pairs_v2_train/clean/speaker_corsicas_72001__corsica-s__el_039_nonstationary_0_m3p2.wav,data/processed_real/pairs_v2_train/noisy/speaker_corsicas_72001__corsica-s__el_039_nonstationary_0_m3p2.wav,data/processed_real/pairs_v2_train/noise_reference/speaker_corsicas_72001__corsica-s__el_039_nonstationary_0_m3p2.wav,nonstationary,-3.150177775077239
data/processed_real/pairs_v2_train/clean/speaker_corsicas_72001__corsica-s__el_039_stationary_1_5p8.wav,data/processed_real/pairs_v2_train/noisy/speaker_corsicas_72001__corsica-s__el_039_stationary_1_5p8.wav,data/processed_real/pairs_v2_train/noise_reference/speaker_corsicas_72001__corsica-s__el_039_stationary_1_5p8.wav,stationary,5.777387398207409
data/processed_real/pairs_v2_train/clean/speaker_corsicas_72001__corsica-s__el_039_nonstationary_2_3p2.wav,data/processed_real/pairs_v2_train/noisy/speaker_corsicas_72001__corsica-s__el_039_nonstationary_2_3p2.wav,data/processed_real/pairs_v2_train/noise_reference/speaker_corsicas_72001__corsica-s__el_039_nonstationary_2_3p2.wav,nonstationary,3.2427881939500747
data/processed_real/pairs_v2_train/clean/speaker_corsicas_72001__corsica-s__el_040_nonstationary_0_m7p9.wav,data/processed_real/pairs_v2_train/noisy/speaker_corsicas_72001__corsica-s__el_040_nonstationary_0_m7p9.wav,data/processed_real/pairs_v2_train/noise_reference/speaker_corsicas_72001__corsica-s__el_040_nonstationary_0_m7p9.wav,nonstationary,-7.940667218834274
data/processed_real/pairs_v2_train/clean/speaker_corsicas_72001__corsica-s__el_040_nonstationary_1_11p9.wav,data/processed_real/pairs_v2_train/noisy/speaker_corsicas_72001__corsica-s__el_040_nonstationary_1_11p9.wav,data/processed_real/pairs_v2_train/noise_reference/speaker_corsicas_72001__corsica-s__el_040_nonstationary_1_11p9.wav,nonstationary,11.923791235745181
data/processed_real/pairs_v2_train/clean/speaker_corsicas_72001__corsica-s__el_040_nonstationary_2_m5p2.wav,data/processed_real/pairs_v2_train/noisy/speaker_corsicas_72001__corsica-s__el_040_nonstationary_2_m5p2.wav,data/processed_real/pairs_v2_train/noise_reference/speaker_corsicas_72001__corsica-s__el_040_nonstationary_2_m5p2.wav,nonstationary,-5.189791089979156
data/processed_real/pairs_v2_train/clean/speaker_corsicas_72001__corsica-s__el_041_transient_0_3p8.wav,data/processed_real/pairs_v2_train/noisy/speaker_corsicas_72001__corsica-s__el_041_transient_0_3p8.wav,data/processed_real/pairs_v2_train/noise_reference/speaker_corsicas_72001__corsica-s__el_041_transient_0_3p8.wav,transient,3.769543266328654
data/processed_real/pairs_v2_train/clean/speaker_corsicas_72001__corsica-s__el_041_nonstationary_1_6p5.wav,data/processed_real/pairs_v2_train/noisy/speaker_corsicas_72001__corsica-s__el_041_nonstationary_1_6p5.wav,data/processed_real/pairs_v2_train/noise_reference/speaker_corsicas_72001__corsica-s__el_041_nonstationary_1_6p5.wav,nonstationary,6.494411802055158
data/processed_real/pairs_v2_train/clean/speaker_corsicas_72001__corsica-s__el_041_nonstationary_2_10p4.wav,data/processed_real/pairs_v2_train/noisy/speaker_corsicas_72001__corsica-s__el_041_nonstationary_2_10p4.wav,data/processed_real/pairs_v2_train/noise_reference/speaker_corsicas_72001__corsica-s__el_041_nonstationary_2_10p4.wav,nonstationary,10.423681411759308
data/processed_real/pairs_v2_train/clean/speaker_corsicas_75064__corsica-s__fa_000_stationary_0_4p0.wav,data/processed_real/pairs_v2_train/noisy/speaker_corsicas_75064__corsica-s__fa_000_stationary_0_4p0.wav,data/processed_real/pairs_v2_train/noise_reference/speaker_corsicas_75064__corsica-s__fa_000_stationary_0_4p0.wav,stationary,3.9927845917099667
data/processed_real/pairs_v2_train/clean/speaker_corsicas_75064__corsica-s__fa_000_stationary_1_12p1.wav,data/processed_real/pairs_v2_train/noisy/speaker_corsicas_75064__corsica-s__fa_000_stationary_1_12p1.wav,data/processed_real/pairs_v2_train/noise_reference/speaker_corsicas_75064__corsica-s__fa_000_stationary_1_12p1.wav,stationary,12.145885080010057
data/processed_real/pairs_v2_train/clean/speaker_corsicas_75064__corsica-s__fa_000_transient_2_0p2.wav,data/processed_real/pairs_v2_train/noisy/speaker_corsicas_75064__corsica-s__fa_000_transient_2_0p2.wav,data/processed_real/pairs_v2_train/noise_reference/speaker_corsicas_75064__corsica-s__fa_000_transient_2_0p2.wav,transient,0.20686843440149794
data/processed_real/pairs_v2_train/clean/speaker_corsicas_75064__corsica-s__fa_001_transient_0_m7p7.wav,data/processed_real/pairs_v2_train/noisy/speaker_corsicas_75064__corsica-s__fa_001_transient_0_m7p7.wav,data/processed_real/pairs_v2_train/noise_reference/speaker_corsicas_75064__corsica-s__fa_001_transient_0_m7p7.wav,transient,-7.67135163029794
data/processed_real/pairs_v2_train/clean/speaker_corsicas_75064__corsica-s__fa_001_stationary_1_m1p2.wav,data/processed_real/pairs_v2_train/noisy/speaker_corsicas_75064__corsica-s__fa_001_stationary_1_m1p2.wav,data/processed_real/pairs_v2_train/noise_reference/speaker_corsicas_75064__corsica-s__fa_001_stationary_1_m1p2.wav,stationary,-1.2392335185896624
data/processed_real/pairs_v2_train/clean/speaker_corsicas_75064__corsica-s__fa_001_nonstationary_2_1p5.wav,data/processed_real/pairs_v2_train/noisy/speaker_corsicas_75064__corsica-s__fa_001_nonstationary_2_1p5.wav,data/processed_real/pairs_v2_train/noise_reference/speaker_corsicas_75064__corsica-s__fa_001_nonstationary_2_1p5.wav,nonstationary,1.4550352548514898
data/processed_real/pairs_v2_train/clean/speaker_corsicas_75064__corsica-s__fa_002_transient_0_m1p2.wav,data/processed_real/pairs_v2_train/noisy/speaker_corsicas_75064__corsica-s__fa_002_transient_0_m1p2.wav,data/processed_real/pairs_v2_train/noise_reference/speaker_corsicas_75064__corsica-s__fa_002_transient_0_m1p2.wav,transient,-1.1750315408805303
data/processed_real/pairs_v2_train/clean/speaker_corsicas_75064__corsica-s__fa_002_nonstationary_1_3p7.wav,data/processed_real/pairs_v2_train/noisy/speaker_corsicas_75064__corsica-s__fa_002_nonstationary_1_3p7.wav,data/processed_real/pairs_v2_train/noise_reference/speaker_corsicas_75064__corsica-s__fa_002_nonstationary_1_3p7.wav,nonstationary,3.7129615717238202
data/processed_real/pairs_v2_train/clean/speaker_corsicas_75064__corsica-s__fa_002_stationary_2_13p9.wav,data/processed_real/pairs_v2_train/noisy/speaker_corsicas_75064__corsica-s__fa_002_stationary_2_13p9.wav,data/processed_real/pairs_v2_train/noise_reference/speaker_corsicas_75064__corsica-s__fa_002_stationary_2_13p9.wav,stationary,13.943071157312591
data/processed_real/pairs_v2_train/clean/speaker_corsicas_75064__corsica-s__fa_003_nonstationary_0_m9p3.wav,data/processed_real/pairs_v2_train/noisy/speaker_corsicas_75064__corsica-s__fa_003_nonstationary_0_m9p3.wav,data/processed_real/pairs_v2_train/noise_reference/speaker_corsicas_75064__corsica-s__fa_003_nonstationary_0_m9p3.wav,nonstationary,-9.302991143856001
data/processed_real/pairs_v2_train/clean/speaker_corsicas_75064__corsica-s__fa_003_stationary_1_10p5.wav,data/processed_real/pairs_v2_train/noisy/speaker_corsicas_75064__corsica-s__fa_003_stationary_1_10p5.wav,data/processed_real/pairs_v2_train/noise_reference/speaker_corsicas_75064__corsica-s__fa_003_stationary_1_10p5.wav,stationary,10.523171676590458
data/processed_real/pairs_v2_train/clean/speaker_corsicas_75064__corsica-s__fa_003_stationary_2_6p4.wav,data/processed_real/pairs_v2_train/noisy/speaker_corsicas_75064__corsica-s__fa_003_stationary_2_6p4.wav,data/processed_real/pairs_v2_train/noise_reference/speaker_corsicas_75064__corsica-s__fa_003_stationary_2_6p4.wav,stationary,6.418388116075651
data/processed_real/pairs_v2_train/clean/speaker_corsicas_75064__corsica-s__fa_004_stationary_0_12p4.wav,data/processed_real/pairs_v2_train/noisy/speaker_corsicas_75064__corsica-s__fa_004_stationary_0_12p4.wav,data/processed_real/pairs_v2_train/noise_reference/speaker_corsicas_75064__corsica-s__fa_004_stationary_0_12p4.wav,stationary,12.439555557791294
data/processed_real/pairs_v2_train/clean/speaker_corsicas_75064__corsica-s__fa_004_transient_1_m5p6.wav,data/processed_real/pairs_v2_train/noisy/speaker_corsicas_75064__corsica-s__fa_004_transient_1_m5p6.wav,data/processed_real/pairs_v2_train/noise_reference/speaker_corsicas_75064__corsica-s__fa_004_transient_1_m5p6.wav,transient,-5.610015838086943
data/processed_real/pairs_v2_train/clean/speaker_corsicas_75064__corsica-s__fa_004_transient_2_14p8.wav,data/processed_real/pairs_v2_train/noisy/speaker_corsicas_75064__corsica-s__fa_004_transient_2_14p8.wav,data/processed_real/pairs_v2_train/noise_reference/speaker_corsicas_75064__corsica-s__fa_004_transient_2_14p8.wav,transient,14.771956175490796
data/processed_real/pairs_v2_train/clean/speaker_corsicas_75064__corsica-s__fa_005_stationary_0_m8p7.wav,data/processed_real/pairs_v2_train/noisy/speaker_corsicas_75064__corsica-s__fa_005_stationary_0_m8p7.wav,data/processed_real/pairs_v2_train/noise_reference/speaker_corsicas_75064__corsica-s__fa_005_stationary_0_m8p7.wav,stationary,-8.66979368120229
data/processed_real/pairs_v2_train/clean/speaker_corsicas_75064__corsica-s__fa_005_nonstationary_1_m2p5.wav,data/processed_real/pairs_v2_train/noisy/speaker_corsicas_75064__corsica-s__fa_005_nonstationary_1_m2p5.wav,data/processed_real/pairs_v2_train/noise_reference/speaker_corsicas_75064__corsica-s__fa_005_nonstationary_1_m2p5.wav,nonstationary,-2.524161559646884
data/processed_real/pairs_v2_train/clean/speaker_corsicas_75064__corsica-s__fa_005_nonstationary_2_m3p8.wav,data/processed_real/pairs_v2_train/noisy/speaker_corsicas_75064__corsica-s__fa_005_nonstationary_2_m3p8.wav,data/processed_real/pairs_v2_train/noise_reference/speaker_corsicas_75064__corsica-s__fa_005_nonstationary_2_m3p8.wav,nonstationary,-3.7731232642773254
data/processed_real/pairs_v2_train/clean/speaker_corsicas_75064__corsica-s__fa_006_nonstationary_0_0p0.wav,data/processed_real/pairs_v2_train/noisy/speaker_corsicas_75064__corsica-s__fa_006_nonstationary_0_0p0.wav,data/processed_real/pairs_v2_train/noise_reference/speaker_corsicas_75064__corsica-s__fa_006_nonstationary_0_0p0.wav,nonstationary,0.01132400269892031
data/processed_real/pairs_v2_train/clean/speaker_corsicas_75064__corsica-s__fa_006_stationary_1_10p9.wav,data/processed_real/pairs_v2_train/noisy/speaker_corsicas_75064__corsica-s__fa_006_stationary_1_10p9.wav,data/processed_real/pairs_v2_train/noise_reference/speaker_corsicas_75064__corsica-s__fa_006_stationary_1_10p9.wav,stationary,10.866637400705958
data/processed_real/pairs_v2_train/clean/speaker_corsicas_75064__corsica-s__fa_006_nonstationary_2_m9p2.wav,data/processed_real/pairs_v2_train/noisy/speaker_corsicas_75064__corsica-s__fa_006_nonstationary_2_m9p2.wav,data/processed_real/pairs_v2_train/noise_reference/speaker_corsicas_75064__corsica-s__fa_006_nonstationary_2_m9p2.wav,nonstationary,-9.246886895422614
data/processed_real/pairs_v2_train/clean/speaker_scottsimpson_382326__scott-simpso_000_transient_0_0p6.wav,data/processed_real/pairs_v2_train/noisy/speaker_scottsimpson_382326__scott-simpso_000_transient_0_0p6.wav,data/processed_real/pairs_v2_train/noise_reference/speaker_scottsimpson_382326__scott-simpso_000_transient_0_0p6.wav,transient,0.5626984419616132
data/processed_real/pairs_v2_train/clean/speaker_scottsimpson_382326__scott-simpso_000_stationary_1_m7p9.wav,data/processed_real/pairs_v2_train/noisy/speaker_scottsimpson_382326__scott-simpso_000_stationary_1_m7p9.wav,data/processed_real/pairs_v2_train/noise_reference/speaker_scottsimpson_382326__scott-simpso_000_stationary_1_m7p9.wav,stationary,-7.899661899874655
data/processed_real/pairs_v2_train/clean/speaker_scottsimpson_382326__scott-simpso_000_nonstationary_2_m7p6.wav,data/processed_real/pairs_v2_train/noisy/speaker_scottsimpson_382326__scott-simpso_000_nonstationary_2_m7p6.wav,data/processed_real/pairs_v2_train/noise_reference/speaker_scottsimpson_382326__scott-simpso_000_nonstationary_2_m7p6.wav,nonstationary,-7.551523706266174
data/processed_real/pairs_v2_train/clean/speaker_scottsimpson_382326__scott-simpso_001_stationary_0_m8p1.wav,data/processed_real/pairs_v2_train/noisy/speaker_scottsimpson_382326__scott-simpso_001_stationary_0_m8p1.wav,data/processed_real/pairs_v2_train/noise_reference/speaker_scottsimpson_382326__scott-simpso_001_stationary_0_m8p1.wav,stationary,-8.10913116403596
data/processed_real/pairs_v2_train/clean/speaker_scottsimpson_382326__scott-simpso_001_transient_1_5p5.wav,data/processed_real/pairs_v2_train/noisy/speaker_scottsimpson_382326__scott-simpso_001_transient_1_5p5.wav,data/processed_real/pairs_v2_train/noise_reference/speaker_scottsimpson_382326__scott-simpso_001_transient_1_5p5.wav,transient,5.482714403000097
data/processed_real/pairs_v2_train/clean/speaker_scottsimpson_382326__scott-simpso_001_transient_2_m7p9.wav,data/processed_real/pairs_v2_train/noisy/speaker_scottsimpson_382326__scott-simpso_001_transient_2_m7p9.wav,data/processed_real/pairs_v2_train/noise_reference/speaker_scottsimpson_382326__scott-simpso_001_transient_2_m7p9.wav,transient,-7.850057595219209
data/processed_real/pairs_v2_train/clean/speaker_scottsimpson_382326__scott-simpso_002_stationary_0_m5p2.wav,data/processed_real/pairs_v2_train/noisy/speaker_scottsimpson_382326__scott-simpso_002_stationary_0_m5p2.wav,data/processed_real/pairs_v2_train/noise_reference/speaker_scottsimpson_382326__scott-simpso_002_stationary_0_m5p2.wav,stationary,-5.151970039978432
data/processed_real/pairs_v2_train/clean/speaker_scottsimpson_382326__scott-simpso_002_nonstationary_1_m5p7.wav,data/processed_real/pairs_v2_train/noisy/speaker_scottsimpson_382326__scott-simpso_002_nonstationary_1_m5p7.wav,data/processed_real/pairs_v2_train/noise_reference/speaker_scottsimpson_382326__scott-simpso_002_nonstationary_1_m5p7.wav,nonstationary,-5.663938286441519
data/processed_real/pairs_v2_train/clean/speaker_scottsimpson_382326__scott-simpso_002_nonstationary_2_7p8.wav,data/processed_real/pairs_v2_train/noisy/speaker_scottsimpson_382326__scott-simpso_002_nonstationary_2_7p8.wav,data/processed_real/pairs_v2_train/noise_reference/speaker_scottsimpson_382326__scott-simpso_002_nonstationary_2_7p8.wav,nonstationary,7.811499034610872
data/processed_real/pairs_v2_train/clean/speaker_scottsimpson_382326__scott-simpso_003_nonstationary_0_13p6.wav,data/processed_real/pairs_v2_train/noisy/speaker_scottsimpson_382326__scott-simpso_003_nonstationary_0_13p6.wav,data/processed_real/pairs_v2_train/noise_reference/speaker_scottsimpson_382326__scott-simpso_003_nonstationary_0_13p6.wav,nonstationary,13.597818137252137
data/processed_real/pairs_v2_train/clean/speaker_scottsimpson_382326__scott-simpso_003_transient_1_m6p6.wav,data/processed_real/pairs_v2_train/noisy/speaker_scottsimpson_382326__scott-simpso_003_transient_1_m6p6.wav,data/processed_real/pairs_v2_train/noise_reference/speaker_scottsimpson_382326__scott-simpso_003_transient_1_m6p6.wav,transient,-6.553201585936946
data/processed_real/pairs_v2_train/clean/speaker_scottsimpson_382326__scott-simpso_003_transient_2_m6p9.wav,data/processed_real/pairs_v2_train/noisy/speaker_scottsimpson_382326__scott-simpso_003_transient_2_m6p9.wav,data/processed_real/pairs_v2_train/noise_reference/speaker_scottsimpson_382326__scott-simpso_003_transient_2_m6p9.wav,transient,-6.9292008903117726
data/processed_real/pairs_v2_train/clean/speaker_scottsimpson_382326__scott-simpso_004_stationary_0_m8p7.wav,data/processed_real/pairs_v2_train/noisy/speaker_scottsimpson_382326__scott-simpso_004_stationary_0_m8p7.wav,data/processed_real/pairs_v2_train/noise_reference/speaker_scottsimpson_382326__scott-simpso_004_stationary_0_m8p7.wav,stationary,-8.730414969792616
data/processed_real/pairs_v2_train/clean/speaker_scottsimpson_382326__scott-simpso_004_nonstationary_1_m0p8.wav,data/processed_real/pairs_v2_train/noisy/speaker_scottsimpson_382326__scott-simpso_004_nonstationary_1_m0p8.wav,data/processed_real/pairs_v2_train/noise_reference/speaker_scottsimpson_382326__scott-simpso_004_nonstationary_1_m0p8.wav,nonstationary,-0.7820631766647654
data/processed_real/pairs_v2_train/clean/speaker_scottsimpson_382326__scott-simpso_004_stationary_2_0p8.wav,data/processed_real/pairs_v2_train/noisy/speaker_scottsimpson_382326__scott-simpso_004_stationary_2_0p8.wav,data/processed_real/pairs_v2_train/noise_reference/speaker_scottsimpson_382326__scott-simpso_004_stationary_2_0p8.wav,stationary,0.8405580852841474
data/processed_real/pairs_v2_train/clean/speaker_scottsimpson_382326__scott-simpso_005_nonstationary_0_6p2.wav,data/processed_real/pairs_v2_train/noisy/speaker_scottsimpson_382326__scott-simpso_005_nonstationary_0_6p2.wav,data/processed_real/pairs_v2_train/noise_reference/speaker_scottsimpson_382326__scott-simpso_005_nonstationary_0_6p2.wav,nonstationary,6.22332204009286
data/processed_real/pairs_v2_train/clean/speaker_scottsimpson_382326__scott-simpso_005_stationary_1_12p9.wav,data/processed_real/pairs_v2_train/noisy/speaker_scottsimpson_382326__scott-simpso_005_stationary_1_12p9.wav,data/processed_real/pairs_v2_train/noise_reference/speaker_scottsimpson_382326__scott-simpso_005_stationary_1_12p9.wav,stationary,12.918398385719094
data/processed_real/pairs_v2_train/clean/speaker_scottsimpson_382326__scott-simpso_005_transient_2_5p9.wav,data/processed_real/pairs_v2_train/noisy/speaker_scottsimpson_382326__scott-simpso_005_transient_2_5p9.wav,data/processed_real/pairs_v2_train/noise_reference/speaker_scottsimpson_382326__scott-simpso_005_transient_2_5p9.wav,transient,5.930008147437658
data/processed_real/pairs_v2_train/clean/speaker_scottsimpson_382326__scott-simpso_006_nonstationary_0_m9p9.wav,data/processed_real/pairs_v2_train/noisy/speaker_scottsimpson_382326__scott-simpso_006_nonstationary_0_m9p9.wav,data/processed_real/pairs_v2_train/noise_reference/speaker_scottsimpson_382326__scott-simpso_006_nonstationary_0_m9p9.wav,nonstationary,-9.90058617952427
data/processed_real/pairs_v2_train/clean/speaker_scottsimpson_382326__scott-simpso_006_nonstationary_1_m4p5.wav,data/processed_real/pairs_v2_train/noisy/speaker_scottsimpson_382326__scott-simpso_006_nonstationary_1_m4p5.wav,data/processed_real/pairs_v2_train/noise_reference/speaker_scottsimpson_382326__scott-simpso_006_nonstationary_1_m4p5.wav,nonstationary,-4.509409312227499
data/processed_real/pairs_v2_train/clean/speaker_scottsimpson_382326__scott-simpso_006_transient_2_m4p3.wav,data/processed_real/pairs_v2_train/noisy/speaker_scottsimpson_382326__scott-simpso_006_transient_2_m4p3.wav,data/processed_real/pairs_v2_train/noise_reference/speaker_scottsimpson_382326__scott-simpso_006_transient_2_m4p3.wav,transient,-4.269573996249381
data/processed_real/pairs_v2_train/clean/speaker_scottsimpson_382326__scott-simpso_007_stationary_0_6p9.wav,data/processed_real/pairs_v2_train/noisy/speaker_scottsimpson_382326__scott-simpso_007_stationary_0_6p9.wav,data/processed_real/pairs_v2_train/noise_reference/speaker_scottsimpson_382326__scott-simpso_007_stationary_0_6p9.wav,stationary,6.901080191452163
data/processed_real/pairs_v2_train/clean/speaker_scottsimpson_382326__scott-simpso_007_nonstationary_1_9p3.wav,data/processed_real/pairs_v2_train/noisy/speaker_scottsimpson_382326__scott-simpso_007_nonstationary_1_9p3.wav,data/processed_real/pairs_v2_train/noise_reference/speaker_scottsimpson_382326__scott-simpso_007_nonstationary_1_9p3.wav,nonstationary,9.315851536421157
data/processed_real/pairs_v2_train/clean/speaker_scottsimpson_382326__scott-simpso_007_transient_2_m3p2.wav,data/processed_real/pairs_v2_train/noisy/speaker_scottsimpson_382326__scott-simpso_007_transient_2_m3p2.wav,data/processed_real/pairs_v2_train/noise_reference/speaker_scottsimpson_382326__scott-simpso_007_transient_2_m3p2.wav,transient,-3.22841268483654
data/processed_real/pairs_v2_train/clean/speaker_scottsimpson_382326__scott-simpso_008_transient_0_0p9.wav,data/processed_real/pairs_v2_train/noisy/speaker_scottsimpson_382326__scott-simpso_008_transient_0_0p9.wav,data/processed_real/pairs_v2_train/noise_reference/speaker_scottsimpson_382326__scott-simpso_008_transient_0_0p9.wav,transient,0.9288350029209287
data/processed_real/pairs_v2_train/clean/speaker_scottsimpson_382326__scott-simpso_008_stationary_1_14p5.wav,data/processed_real/pairs_v2_train/noisy/speaker_scottsimpson_382326__scott-simpso_008_stationary_1_14p5.wav,data/processed_real/pairs_v2_train/noise_reference/speaker_scottsimpson_382326__scott-simpso_008_stationary_1_14p5.wav,stationary,14.547991126353903
data/processed_real/pairs_v2_train/clean/speaker_scottsimpson_382326__scott-simpso_008_transient_2_1p9.wav,data/processed_real/pairs_v2_train/noisy/speaker_scottsimpson_382326__scott-simpso_008_transient_2_1p9.wav,data/processed_real/pairs_v2_train/noise_reference/speaker_scottsimpson_382326__scott-simpso_008_transient_2_1p9.wav,transient,1.9196821412682805
data/processed_real/pairs_v2_train/clean/speaker_scottsimpson_382326__scott-simpso_009_transient_0_9p6.wav,data/processed_real/pairs_v2_train/noisy/speaker_scottsimpson_382326__scott-simpso_009_transient_0_9p6.wav,data/processed_real/pairs_v2_train/noise_reference/speaker_scottsimpson_382326__scott-simpso_009_transient_0_9p6.wav,transient,9.609081611233982
data/processed_real/pairs_v2_train/clean/speaker_scottsimpson_382326__scott-simpso_009_stationary_1_3p6.wav,data/processed_real/pairs_v2_train/noisy/speaker_scottsimpson_382326__scott-simpso_009_stationary_1_3p6.wav,data/processed_real/pairs_v2_train/noise_reference/speaker_scottsimpson_382326__scott-simpso_009_stationary_1_3p6.wav,stationary,3.557888183976255
data/processed_real/pairs_v2_train/clean/speaker_scottsimpson_382326__scott-simpso_009_nonstationary_2_2p5.wav,data/processed_real/pairs_v2_train/noisy/speaker_scottsimpson_382326__scott-simpso_009_nonstationary_2_2p5.wav,data/processed_real/pairs_v2_train/noise_reference/speaker_scottsimpson_382326__scott-simpso_009_nonstationary_2_2p5.wav,nonstationary,2.4936222375327457
data/processed_real/pairs_v2_train/clean/speaker_scottsimpson_382326__scott-simpso_010_transient_0_3p1.wav,data/processed_real/pairs_v2_train/noisy/speaker_scottsimpson_382326__scott-simpso_010_transient_0_3p1.wav,data/processed_real/pairs_v2_train/noise_reference/speaker_scottsimpson_382326__scott-simpso_010_transient_0_3p1.wav,transient,3.115862695452277
data/processed_real/pairs_v2_train/clean/speaker_scottsimpson_382326__scott-simpso_010_nonstationary_1_m6p9.wav,data/processed_real/pairs_v2_train/noisy/speaker_scottsimpson_382326__scott-simpso_010_nonstationary_1_m6p9.wav,data/processed_real/pairs_v2_train/noise_reference/speaker_scottsimpson_382326__scott-simpso_010_nonstationary_1_m6p9.wav,nonstationary,-6.893587059522962
data/processed_real/pairs_v2_train/clean/speaker_scottsimpson_382326__scott-simpso_010_transient_2_15p0.wav,data/processed_real/pairs_v2_train/noisy/speaker_scottsimpson_382326__scott-simpso_010_transient_2_15p0.wav,data/processed_real/pairs_v2_train/noise_reference/speaker_scottsimpson_382326__scott-simpso_010_transient_2_15p0.wav,transient,14.98397833033344
data/processed_real/pairs_v2_train/clean/speaker_scottsimpson_382326__scott-simpso_011_nonstationary_0_12p4.wav,data/processed_real/pairs_v2_train/noisy/speaker_scottsimpson_382326__scott-simpso_011_nonstationary_0_12p4.wav,data/processed_real/pairs_v2_train/noise_reference/speaker_scottsimpson_382326__scott-simpso_011_nonstationary_0_12p4.wav,nonstationary,12.362698789826098
data/processed_real/pairs_v2_train/clean/speaker_scottsimpson_382326__scott-simpso_011_nonstationary_1_10p4.wav,data/processed_real/pairs_v2_train/noisy/speaker_scottsimpson_382326__scott-simpso_011_nonstationary_1_10p4.wav,data/processed_real/pairs_v2_train/noise_reference/speaker_scottsimpson_382326__scott-simpso_011_nonstationary_1_10p4.wav,nonstationary,10.425356141823471
data/processed_real/pairs_v2_train/clean/speaker_scottsimpson_382326__scott-simpso_011_stationary_2_m7p1.wav,data/processed_real/pairs_v2_train/noisy/speaker_scottsimpson_382326__scott-simpso_011_stationary_2_m7p1.wav,data/processed_real/pairs_v2_train/noise_reference/speaker_scottsimpson_382326__scott-simpso_011_stationary_2_m7p1.wav,stationary,-7.1102623849253
data/processed_real/pairs_v2_train/clean/speaker_scottsimpson_382326__scott-simpso_012_nonstationary_0_m1p7.wav,data/processed_real/pairs_v2_train/noisy/speaker_scottsimpson_382326__scott-simpso_012_nonstationary_0_m1p7.wav,data/processed_real/pairs_v2_train/noise_reference/speaker_scottsimpson_382326__scott-simpso_012_nonstationary_0_m1p7.wav,nonstationary,-1.721291763603496
data/processed_real/pairs_v2_train/clean/speaker_scottsimpson_382326__scott-simpso_012_transient_1_m4p6.wav,data/processed_real/pairs_v2_train/noisy/speaker_scottsimpson_382326__scott-simpso_012_transient_1_m4p6.wav,data/processed_real/pairs_v2_train/noise_reference/speaker_scottsimpson_382326__scott-simpso_012_transient_1_m4p6.wav,transient,-4.631615460023008
data/processed_real/pairs_v2_train/clean/speaker_scottsimpson_382326__scott-simpso_012_stationary_2_7p8.wav,data/processed_real/pairs_v2_train/noisy/speaker_scottsimpson_382326__scott-simpso_012_stationary_2_7p8.wav,data/processed_real/pairs_v2_train/noise_reference/speaker_scottsimpson_382326__scott-simpso_012_stationary_2_7p8.wav,stationary,7.816313582783614
data/processed_real/pairs_v2_train/clean/speaker_scottsimpson_382326__scott-simpso_013_transient_0_6p4.wav,data/processed_real/pairs_v2_train/noisy/speaker_scottsimpson_382326__scott-simpso_013_transient_0_6p4.wav,data/processed_real/pairs_v2_train/noise_reference/speaker_scottsimpson_382326__scott-simpso_013_transient_0_6p4.wav,transient,6.415061186727861
data/processed_real/pairs_v2_train/clean/speaker_scottsimpson_382326__scott-simpso_013_transient_1_2p4.wav,data/processed_real/pairs_v2_train/noisy/speaker_scottsimpson_382326__scott-simpso_013_transient_1_2p4.wav,data/processed_real/pairs_v2_train/noise_reference/speaker_scottsimpson_382326__scott-simpso_013_transient_1_2p4.wav,transient,2.396565305473562
data/processed_real/pairs_v2_train/clean/speaker_scottsimpson_382326__scott-simpso_013_transient_2_2p2.wav,data/processed_real/pairs_v2_train/noisy/speaker_scottsimpson_382326__scott-simpso_013_transient_2_2p2.wav,data/processed_real/pairs_v2_train/noise_reference/speaker_scottsimpson_382326__scott-simpso_013_transient_2_2p2.wav,transient,2.1838746593090637
data/processed_real/pairs_v2_train/clean/speaker_scottsimpson_382326__scott-simpso_014_transient_0_6p1.wav,data/processed_real/pairs_v2_train/noisy/speaker_scottsimpson_382326__scott-simpso_014_transient_0_6p1.wav,data/processed_real/pairs_v2_train/noise_reference/speaker_scottsimpson_382326__scott-simpso_014_transient_0_6p1.wav,transient,6.084871419350982
data/processed_real/pairs_v2_train/clean/speaker_scottsimpson_382326__scott-simpso_014_transient_1_m4p7.wav,data/processed_real/pairs_v2_train/noisy/speaker_scottsimpson_382326__scott-simpso_014_transient_1_m4p7.wav,data/processed_real/pairs_v2_train/noise_reference/speaker_scottsimpson_382326__scott-simpso_014_transient_1_m4p7.wav,transient,-4.689763553918954
data/processed_real/pairs_v2_train/clean/speaker_scottsimpson_382326__scott-simpso_014_nonstationary_2_4p6.wav,data/processed_real/pairs_v2_train/noisy/speaker_scottsimpson_382326__scott-simpso_014_nonstationary_2_4p6.wav,data/processed_real/pairs_v2_train/noise_reference/speaker_scottsimpson_382326__scott-simpso_014_nonstationary_2_4p6.wav,nonstationary,4.611822184747028
data/processed_real/pairs_v2_train/clean/speaker_scottsimpson_382326__scott-simpso_015_nonstationary_0_0p4.wav,data/processed_real/pairs_v2_train/noisy/speaker_scottsimpson_382326__scott-simpso_015_nonstationary_0_0p4.wav,data/processed_real/pairs_v2_train/noise_reference/speaker_scottsimpson_382326__scott-simpso_015_nonstationary_0_0p4.wav,nonstationary,0.4035926710922677
data/processed_real/pairs_v2_train/clean/speaker_scottsimpson_382326__scott-simpso_015_nonstationary_1_m8p0.wav,data/processed_real/pairs_v2_train/noisy/speaker_scottsimpson_382326__scott-simpso_015_nonstationary_1_m8p0.wav,data/processed_real/pairs_v2_train/noise_reference/speaker_scottsimpson_382326__scott-simpso_015_nonstationary_1_m8p0.wav,nonstationary,-7.992340148768547
data/processed_real/pairs_v2_train/clean/speaker_scottsimpson_382326__scott-simpso_015_nonstationary_2_4p7.wav,data/processed_real/pairs_v2_train/noisy/speaker_scottsimpson_382326__scott-simpso_015_nonstationary_2_4p7.wav,data/processed_real/pairs_v2_train/noise_reference/speaker_scottsimpson_382326__scott-simpso_015_nonstationary_2_4p7.wav,nonstationary,4.668730856223272
data/processed_real/pairs_v2_train/clean/speaker_speedenza_167554__speedenza__m_000_nonstationary_0_12p3.wav,data/processed_real/pairs_v2_train/noisy/speaker_speedenza_167554__speedenza__m_000_nonstationary_0_12p3.wav,data/processed_real/pairs_v2_train/noise_reference/speaker_speedenza_167554__speedenza__m_000_nonstationary_0_12p3.wav,nonstationary,12.256837426536684
data/processed_real/pairs_v2_train/clean/speaker_speedenza_167554__speedenza__m_000_nonstationary_1_0p9.wav,data/processed_real/pairs_v2_train/noisy/speaker_speedenza_167554__speedenza__m_000_nonstationary_1_0p9.wav,data/processed_real/pairs_v2_train/noise_reference/speaker_speedenza_167554__speedenza__m_000_nonstationary_1_0p9.wav,nonstationary,0.8666264999343785
data/processed_real/pairs_v2_train/clean/speaker_speedenza_167554__speedenza__m_000_transient_2_1p5.wav,data/processed_real/pairs_v2_train/noisy/speaker_speedenza_167554__speedenza__m_000_transient_2_1p5.wav,data/processed_real/pairs_v2_train/noise_reference/speaker_speedenza_167554__speedenza__m_000_transient_2_1p5.wav,transient,1.4939533599007717
data/processed_real/pairs_v2_train/clean/speaker_speedenza_167554__speedenza__m_001_nonstationary_0_m5p4.wav,data/processed_real/pairs_v2_train/noisy/speaker_speedenza_167554__speedenza__m_001_nonstationary_0_m5p4.wav,data/processed_real/pairs_v2_train/noise_reference/speaker_speedenza_167554__speedenza__m_001_nonstationary_0_m5p4.wav,nonstationary,-5.365082847073548
data/processed_real/pairs_v2_train/clean/speaker_speedenza_167554__speedenza__m_001_nonstationary_1_m1p8.wav,data/processed_real/pairs_v2_train/noisy/speaker_speedenza_167554__speedenza__m_001_nonstationary_1_m1p8.wav,data/processed_real/pairs_v2_train/noise_reference/speaker_speedenza_167554__speedenza__m_001_nonstationary_1_m1p8.wav,nonstationary,-1.7793485743127775
data/processed_real/pairs_v2_train/clean/speaker_speedenza_167554__speedenza__m_001_transient_2_m8p4.wav,data/processed_real/pairs_v2_train/noisy/speaker_speedenza_167554__speedenza__m_001_transient_2_m8p4.wav,data/processed_real/pairs_v2_train/noise_reference/speaker_speedenza_167554__speedenza__m_001_transient_2_m8p4.wav,transient,-8.394731899904283
data/processed_real/pairs_v2_train/clean/speaker_speedenza_167554__speedenza__m_002_stationary_0_2p9.wav,data/processed_real/pairs_v2_train/noisy/speaker_speedenza_167554__speedenza__m_002_stationary_0_2p9.wav,data/processed_real/pairs_v2_train/noise_reference/speaker_speedenza_167554__speedenza__m_002_stationary_0_2p9.wav,stationary,2.9091501146738334
data/processed_real/pairs_v2_train/clean/speaker_speedenza_167554__speedenza__m_002_nonstationary_1_9p2.wav,data/processed_real/pairs_v2_train/noisy/speaker_speedenza_167554__speedenza__m_002_nonstationary_1_9p2.wav,data/processed_real/pairs_v2_train/noise_reference/speaker_speedenza_167554__speedenza__m_002_nonstationary_1_9p2.wav,nonstationary,9.171048383662068
data/processed_real/pairs_v2_train/clean/speaker_speedenza_167554__speedenza__m_002_stationary_2_4p2.wav,data/processed_real/pairs_v2_train/noisy/speaker_speedenza_167554__speedenza__m_002_stationary_2_4p2.wav,data/processed_real/pairs_v2_train/noise_reference/speaker_speedenza_167554__speedenza__m_002_stationary_2_4p2.wav,stationary,4.160619154709606
data/processed_real/pairs_v2_train/clean/speaker_speedenza_167554__speedenza__m_003_nonstationary_0_1p1.wav,data/processed_real/pairs_v2_train/noisy/speaker_speedenza_167554__speedenza__m_003_nonstationary_0_1p1.wav,data/processed_real/pairs_v2_train/noise_reference/speaker_speedenza_167554__speedenza__m_003_nonstationary_0_1p1.wav,nonstationary,1.0695877253968735
data/processed_real/pairs_v2_train/clean/speaker_speedenza_167554__speedenza__m_003_transient_1_12p7.wav,data/processed_real/pairs_v2_train/noisy/speaker_speedenza_167554__speedenza__m_003_transient_1_12p7.wav,data/processed_real/pairs_v2_train/noise_reference/speaker_speedenza_167554__speedenza__m_003_transient_1_12p7.wav,transient,12.737070777155616
data/processed_real/pairs_v2_train/clean/speaker_speedenza_167554__speedenza__m_003_nonstationary_2_7p5.wav,data/processed_real/pairs_v2_train/noisy/speaker_speedenza_167554__speedenza__m_003_nonstationary_2_7p5.wav,data/processed_real/pairs_v2_train/noise_reference/speaker_speedenza_167554__speedenza__m_003_nonstationary_2_7p5.wav,nonstationary,7.453994894168471
data/processed_real/pairs_v2_train/clean/speaker_speedenza_167554__speedenza__m_004_nonstationary_0_6p9.wav,data/processed_real/pairs_v2_train/noisy/speaker_speedenza_167554__speedenza__m_004_nonstationary_0_6p9.wav,data/processed_real/pairs_v2_train/noise_reference/speaker_speedenza_167554__speedenza__m_004_nonstationary_0_6p9.wav,nonstationary,6.935545502323702
data/processed_real/pairs_v2_train/clean/speaker_speedenza_167554__speedenza__m_004_transient_1_4p6.wav,data/processed_real/pairs_v2_train/noisy/speaker_speedenza_167554__speedenza__m_004_transient_1_4p6.wav,data/processed_real/pairs_v2_train/noise_reference/speaker_speedenza_167554__speedenza__m_004_transient_1_4p6.wav,transient,4.554491444248333
data/processed_real/pairs_v2_train/clean/speaker_speedenza_167554__speedenza__m_004_nonstationary_2_8p2.wav,data/processed_real/pairs_v2_train/noisy/speaker_speedenza_167554__speedenza__m_004_nonstationary_2_8p2.wav,data/processed_real/pairs_v2_train/noise_reference/speaker_speedenza_167554__speedenza__m_004_nonstationary_2_8p2.wav,nonstationary,8.183765344710672
data/processed_real/pairs_v2_train/clean/speaker_speedenza_167554__speedenza__m_005_stationary_0_9p2.wav,data/processed_real/pairs_v2_train/noisy/speaker_speedenza_167554__speedenza__m_005_stationary_0_9p2.wav,data/processed_real/pairs_v2_train/noise_reference/speaker_speedenza_167554__speedenza__m_005_stationary_0_9p2.wav,stationary,9.159370210060871
data/processed_real/pairs_v2_train/clean/speaker_speedenza_167554__speedenza__m_005_stationary_1_9p5.wav,data/processed_real/pairs_v2_train/noisy/speaker_speedenza_167554__speedenza__m_005_stationary_1_9p5.wav,data/processed_real/pairs_v2_train/noise_reference/speaker_speedenza_167554__speedenza__m_005_stationary_1_9p5.wav,stationary,9.504557647272389
data/processed_real/pairs_v2_train/clean/speaker_speedenza_167554__speedenza__m_005_transient_2_12p0.wav,data/processed_real/pairs_v2_train/noisy/speaker_speedenza_167554__speedenza__m_005_transient_2_12p0.wav,data/processed_real/pairs_v2_train/noise_reference/speaker_speedenza_167554__speedenza__m_005_transient_2_12p0.wav,transient,11.983359297376065
data/processed_real/pairs_v2_train/clean/speaker_speedenza_167554__speedenza__m_006_stationary_0_7p0.wav,data/processed_real/pairs_v2_train/noisy/speaker_speedenza_167554__speedenza__m_006_stationary_0_7p0.wav,data/processed_real/pairs_v2_train/noise_reference/speaker_speedenza_167554__speedenza__m_006_stationary_0_7p0.wav,stationary,6.995709326411649
data/processed_real/pairs_v2_train/clean/speaker_speedenza_167554__speedenza__m_006_transient_1_5p6.wav,data/processed_real/pairs_v2_train/noisy/speaker_speedenza_167554__speedenza__m_006_transient_1_5p6.wav,data/processed_real/pairs_v2_train/noise_reference/speaker_speedenza_167554__speedenza__m_006_transient_1_5p6.wav,transient,5.550280414125595
data/processed_real/pairs_v2_train/clean/speaker_speedenza_167554__speedenza__m_006_stationary_2_m9p2.wav,data/processed_real/pairs_v2_train/noisy/speaker_speedenza_167554__speedenza__m_006_stationary_2_m9p2.wav,data/processed_real/pairs_v2_train/noise_reference/speaker_speedenza_167554__speedenza__m_006_stationary_2_m9p2.wav,stationary,-9.173580310162443
data/processed_real/pairs_v2_train/clean/speaker_speedenza_167554__speedenza__m_007_stationary_0_4p2.wav,data/processed_real/pairs_v2_train/noisy/speaker_speedenza_167554__speedenza__m_007_stationary_0_4p2.wav,data/processed_real/pairs_v2_train/noise_reference/speaker_speedenza_167554__speedenza__m_007_stationary_0_4p2.wav,stationary,4.181726516444575
data/processed_real/pairs_v2_train/clean/speaker_speedenza_167554__speedenza__m_007_stationary_1_12p6.wav,data/processed_real/pairs_v2_train/noisy/speaker_speedenza_167554__speedenza__m_007_stationary_1_12p6.wav,data/processed_real/pairs_v2_train/noise_reference/speaker_speedenza_167554__speedenza__m_007_stationary_1_12p6.wav,stationary,12.608117344717183
data/processed_real/pairs_v2_train/clean/speaker_speedenza_167554__speedenza__m_007_stationary_2_10p5.wav,data/processed_real/pairs_v2_train/noisy/speaker_speedenza_167554__speedenza__m_007_stationary_2_10p5.wav,data/processed_real/pairs_v2_train/noise_reference/speaker_speedenza_167554__speedenza__m_007_stationary_2_10p5.wav,stationary,10.502022394298116
data/processed_real/pairs_v2_train/clean/speaker_speedenza_167554__speedenza__m_008_transient_0_2p0.wav,data/processed_real/pairs_v2_train/noisy/speaker_speedenza_167554__speedenza__m_008_transient_0_2p0.wav,data/processed_real/pairs_v2_train/noise_reference/speaker_speedenza_167554__speedenza__m_008_transient_0_2p0.wav,transient,1.968176826286376
data/processed_real/pairs_v2_train/clean/speaker_speedenza_167554__speedenza__m_008_nonstationary_1_10p4.wav,data/processed_real/pairs_v2_train/noisy/speaker_speedenza_167554__speedenza__m_008_nonstationary_1_10p4.wav,data/processed_real/pairs_v2_train/noise_reference/speaker_speedenza_167554__speedenza__m_008_nonstationary_1_10p4.wav,nonstationary,10.420307065941675
data/processed_real/pairs_v2_train/clean/speaker_speedenza_167554__speedenza__m_008_nonstationary_2_m1p0.wav,data/processed_real/pairs_v2_train/noisy/speaker_speedenza_167554__speedenza__m_008_nonstationary_2_m1p0.wav,data/processed_real/pairs_v2_train/noise_reference/speaker_speedenza_167554__speedenza__m_008_nonstationary_2_m1p0.wav,nonstationary,-1.046878609889701
data/processed_real/pairs_v2_train/clean/speaker_speedenza_167554__speedenza__m_009_nonstationary_0_0p4.wav,data/processed_real/pairs_v2_train/noisy/speaker_speedenza_167554__speedenza__m_009_nonstationary_0_0p4.wav,data/processed_real/pairs_v2_train/noise_reference/speaker_speedenza_167554__speedenza__m_009_nonstationary_0_0p4.wav,nonstationary,0.35984817161589255
data/processed_real/pairs_v2_train/clean/speaker_speedenza_167554__speedenza__m_009_nonstationary_1_7p9.wav,data/processed_real/pairs_v2_train/noisy/speaker_speedenza_167554__speedenza__m_009_nonstationary_1_7p9.wav,data/processed_real/pairs_v2_train/noise_reference/speaker_speedenza_167554__speedenza__m_009_nonstationary_1_7p9.wav,nonstationary,7.852171044306424
data/processed_real/pairs_v2_train/clean/speaker_speedenza_167554__speedenza__m_009_nonstationary_2_4p4.wav,data/processed_real/pairs_v2_train/noisy/speaker_speedenza_167554__speedenza__m_009_nonstationary_2_4p4.wav,data/processed_real/pairs_v2_train/noise_reference/speaker_speedenza_167554__speedenza__m_009_nonstationary_2_4p4.wav,nonstationary,4.353882654008412
data/processed_real/pairs_v2_train/clean/speaker_speedenza_167554__speedenza__m_010_stationary_0_m1p0.wav,data/processed_real/pairs_v2_train/noisy/speaker_speedenza_167554__speedenza__m_010_stationary_0_m1p0.wav,data/processed_real/pairs_v2_train/noise_reference/speaker_speedenza_167554__speedenza__m_010_stationary_0_m1p0.wav,stationary,-1.0365878810651754
data/processed_real/pairs_v2_train/clean/speaker_speedenza_167554__speedenza__m_010_transient_1_3p1.wav,data/processed_real/pairs_v2_train/noisy/speaker_speedenza_167554__speedenza__m_010_transient_1_3p1.wav,data/processed_real/pairs_v2_train/noise_reference/speaker_speedenza_167554__speedenza__m_010_transient_1_3p1.wav,transient,3.097999820759517
data/processed_real/pairs_v2_train/clean/speaker_speedenza_167554__speedenza__m_010_nonstationary_2_8p5.wav,data/processed_real/pairs_v2_train/noisy/speaker_speedenza_167554__speedenza__m_010_nonstationary_2_8p5.wav,data/processed_real/pairs_v2_train/noise_reference/speaker_speedenza_167554__speedenza__m_010_nonstationary_2_8p5.wav,nonstationary,8.504369398209498
data/processed_real/pairs_v2_train/clean/speaker_speedenza_167554__speedenza__m_011_transient_0_1p9.wav,data/processed_real/pairs_v2_train/noisy/speaker_speedenza_167554__speedenza__m_011_transient_0_1p9.wav,data/processed_real/pairs_v2_train/noise_reference/speaker_speedenza_167554__speedenza__m_011_transient_0_1p9.wav,transient,1.8760320269115809
data/processed_real/pairs_v2_train/clean/speaker_speedenza_167554__speedenza__m_011_transient_1_0p6.wav,data/processed_real/pairs_v2_train/noisy/speaker_speedenza_167554__speedenza__m_011_transient_1_0p6.wav,data/processed_real/pairs_v2_train/noise_reference/speaker_speedenza_167554__speedenza__m_011_transient_1_0p6.wav,transient,0.6168912564995868
data/processed_real/pairs_v2_train/clean/speaker_speedenza_167554__speedenza__m_011_transient_2_m7p3.wav,data/processed_real/pairs_v2_train/noisy/speaker_speedenza_167554__speedenza__m_011_transient_2_m7p3.wav,data/processed_real/pairs_v2_train/noise_reference/speaker_speedenza_167554__speedenza__m_011_transient_2_m7p3.wav,transient,-7.2838081574340094
